thscode,trade_date,open,high,low,close,volume
700001.TI,2021-03-17,3489.21,3516.85,3489.21,3516.85,625685950.96
700001.TI,2021-03-18,3522.83,3540.41,3522.83,3540.41,627972754.21
700001.TI,2021-03-19,3494.74,3494.74,3475.27,3475.27,659367977.68
700001.TI,2021-03-22,3477.36,3518.71,3477.36,3518.71,674546180.29
700001.TI,2021-03-23,3519.41,3519.41,3481.76,3481.76,702867462.26
700001.TI,2021-03-24,3463.65,3463.65,3431.97,3431.97,673158056.12
700001.TI,2021-03-25,3416.53,3429.91,3416.53,3429.91,606002099.08
700001.TI,2021-03-26,3442.26,3499.19,3442.26,3499.19,612543875.68
700001.TI,2021-03-29,3508.64,3508.64,3505.49,3505.49,629574751.54
700001.TI,2021-03-30,3500.93,3523.37,3500.93,3523.37,627753047.23
700001.TI,2021-03-31,3518.08,3518.08,3504.34,3504.34,588511841.91
700001.TI,2021-04-01,3509.6,3538.68,3509.6,3538.68,576309416.88
700001.TI,2021-04-02,3548.94,3564.87,3548.94,3564.87,576397142.77
700001.TI,2021-04-06,3575.56,3575.56,3567.72,3567.72,539448997.03
700001.TI,2021-04-07,3570.22,3570.22,3557.37,3557.37,647494112.51
700001.TI,2021-04-08,3543.85,3557.01,3543.85,3557.01,701382640.74
700001.TI,2021-04-09,3550.61,3550.61,3524.29,3524.29,607775272.0
700001.TI,2021-04-12,3520.77,3520.77,3465.79,3465.79,665589531.51
700001.TI,2021-04-13,3463.36,3463.36,3456.09,3456.09,599637690.06
700001.TI,2021-04-14,3458.16,3492.38,3458.16,3492.38,560524047.56
700001.TI,2021-04-15,3484.0,3484.0,3475.62,3475.62,565322856.98
700001.TI,2021-04-16,3483.27,3500.64,3483.27,3500.64,606133253.68
700001.TI,2021-04-19,3500.29,3574.85,3500.29,3574.85,685571099.91
700001.TI,2021-04-20,3563.05,3569.85,3563.05,3569.85,660252605.74
700001.TI,2021-04-21,3550.57,3573.42,3550.57,3573.42,585868103.94
700001.TI,2021-04-22,3585.93,3585.93,3578.78,3578.78,572760697.03
700001.TI,2021-04-23,3577.35,3594.53,3577.35,3594.53,587462929.8
700001.TI,2021-04-26,3607.11,3607.11,3564.7,3564.7,649052096.91
700001.TI,2021-04-27,3562.2,3564.7,3562.2,3564.7,583072165.14
700001.TI,2021-04-28,3555.43,3585.38,3555.43,3585.38,561205197.23
700001.TI,2021-04-29,3587.17,3600.08,3587.17,3600.08,595491384.75
700001.TI,2021-04-30,3593.24,3593.24,3583.52,3583.52,645250362.67
700001.TI,2021-05-06,3575.28,3575.28,3561.3,3561.3,649177187.37
700001.TI,2021-05-07,3568.42,3568.42,3517.5,3517.5,726037857.99
700001.TI,2021-05-10,3521.72,3524.18,3521.72,3524.18,743586168.72
700001.TI,2021-05-11,3500.92,3536.87,3500.92,3536.87,733600420.76
700001.TI,2021-05-12,3524.14,3562.69,3524.14,3562.69,659582208.06
700001.TI,2021-05-13,3528.49,3530.27,3528.49,3530.27,691626635.83
700001.TI,2021-05-14,3540.51,3595.93,3540.51,3595.93,728188588.49
700001.TI,2021-05-17,3596.29,3629.01,3596.29,3629.01,688286184.13
700001.TI,2021-05-18,3629.74,3636.27,3629.74,3636.27,587525786.66
700001.TI,2021-05-19,3626.82,3630.82,3626.82,3630.82,607721459.13
700001.TI,2021-05-20,3622.11,3633.36,3622.11,3633.36,684278898.17
700001.TI,2021-05-21,3642.08,3642.08,3614.1,3614.1,613159112.61
700001.TI,2021-05-24,3615.55,3632.89,3615.55,3632.89,633590143.04
700001.TI,2021-05-25,3637.61,3714.99,3637.61,3714.99,719229840.73
700001.TI,2021-05-26,3719.45,3720.56,3719.45,3720.56,730420835.96
700001.TI,2021-05-27,3716.84,3744.37,3716.84,3744.37,690601048.55
700001.TI,2021-05-28,3747.37,3747.37,3737.26,3737.26,740735401.33
700001.TI,2021-05-31,3741.37,3770.52,3741.37,3770.52,707190039.04
700001.TI,2021-06-01,3764.11,3782.59,3764.11,3782.59,753056631.54
700001.TI,2021-06-02,3785.62,3785.62,3745.14,3745.14,754303408.24
700001.TI,2021-06-03,3743.27,3743.27,3728.29,3728.29,729707312.18
700001.TI,2021-06-04,3713.38,3748.42,3713.38,3748.42,691319722.87
700001.TI,2021-06-07,3753.29,3757.04,3753.29,3757.04,667314770.1
700001.TI,2021-06-08,3757.42,3757.42,3731.12,3731.12,685514439.57
700001.TI,2021-06-09,3727.39,3737.46,3727.39,3737.46,669528564.26
700001.TI,2021-06-10,3736.71,3770.35,3736.71,3770.35,730300417.85
700001.TI,2021-06-11,3776.01,3776.01,3746.97,3746.97,811205480.11
700001.TI,2021-06-15,3745.47,3745.47,3710.62,3710.62,718025321.67
700001.TI,2021-06-16,3708.02,3708.02,3646.8,3646.8,656826200.92
700001.TI,2021-06-17,3644.61,3678.16,3644.61,3678.16,626318910.28
700001.TI,2021-06-18,3680.37,3697.65,3680.37,3697.65,689865479.3
700001.TI,2021-06-21,3688.41,3713.18,3688.41,3713.18,685860985.67
700001.TI,2021-06-22,3723.58,3736.57,3723.58,3736.57,720943874.0
700001.TI,2021-06-23,3739.19,3758.99,3739.19,3758.99,717223350.1
700001.TI,2021-06-24,3764.25,3764.25,3749.22,3749.22,691645402.66
700001.TI,2021-06-25,3751.84,3794.21,3751.84,3794.21,740830471.5
700001.TI,2021-06-28,3800.28,3810.15,3800.28,3810.15,700307257.68
700001.TI,2021-06-29,3812.82,3812.82,3777.38,3777.38,679229000.08
700001.TI,2021-06-30,3780.02,3809.87,3780.02,3809.87,619850050.1
700001.TI,2021-07-01,3819.78,3819.78,3789.68,3789.68,676398448.34
700001.TI,2021-07-02,3767.32,3767.32,3715.4,3715.4,647047062.95
700001.TI,2021-07-05,3716.14,3738.44,3716.14,3738.44,653578128.97
700001.TI,2021-07-06,3744.05,3744.05,3733.21,3733.21,711625531.83
700001.TI,2021-07-07,3711.93,3782.12,3711.93,3782.12,701239222.42
700001.TI,2021-07-08,3790.82,3790.82,3761.32,3761.32,787347041.79
700001.TI,2021-07-09,3745.9,3765.46,3745.9,3765.46,770541245.77
700001.TI,2021-07-12,3792.95,3822.69,3792.95,3822.69,887096595.02
700001.TI,2021-07-13,3822.69,3838.75,3822.69,3838.75,836294372.16
700001.TI,2021-07-14,3829.15,3829.15,3797.68,3797.68,853641859.88
700001.TI,2021-07-15,3787.05,3828.44,3787.05,3828.44,822499646.19
700001.TI,2021-07-16,3824.99,3824.99,3798.96,3798.96,807874687.84
700001.TI,2021-07-19,3792.5,3797.82,3792.5,3797.82,763363538.35
700001.TI,2021-07-20,3769.72,3803.14,3769.72,3803.14,673906390.12
700001.TI,2021-07-21,3816.07,3850.68,3816.07,3850.68,790105857.47
700001.TI,2021-07-22,3856.46,3866.47,3856.46,3866.47,870013209.44
700001.TI,2021-07-23,3863.38,3863.38,3825.1,3825.1,972851129.03
700001.TI,2021-07-26,3813.24,3813.24,3737.12,3737.12,951688125.08
700001.TI,2021-07-27,3738.24,3738.24,3625.38,3625.38,994578641.7
700001.TI,2021-07-28,3594.2,3599.28,3594.2,3599.28,871958736.97
700001.TI,2021-07-29,3660.11,3691.42,3660.11,3691.42,780250041.9
700001.TI,2021-07-30,3682.19,3686.62,3682.19,3686.62,854736677.91
700001.TI,2021-08-02,3681.83,3764.78,3681.83,3764.78,936930261.5
700001.TI,2021-08-03,3750.1,3750.1,3743.32,3743.32,905350381.6
700001.TI,2021-08-04,3738.08,3797.97,3738.08,3797.97,791613837.98
700001.TI,2021-08-05,3780.88,3780.88,3779.36,3779.36,816209861.4
700001.TI,2021-08-06,3783.14,3783.14,3773.69,3773.69,776429606.8
700001.TI,2021-08-09,3754.07,3803.88,3754.07,3803.88,795222240.3
700001.TI,2021-08-10,3803.88,3843.44,3803.88,3843.44,816833013.23
700001.TI,2021-08-11,3840.37,3846.51,3840.37,3846.51,870629458.37
700001.TI,2021-08-12,3835.74,3836.51,3835.74,3836.51,879907347.91
700001.TI,2021-08-13,3822.31,3823.47,3822.31,3823.47,864403884.31
700001.TI,2021-08-16,3816.97,3816.97,3807.41,3807.41,860069660.95
700001.TI,2021-08-17,3803.22,3803.22,3719.84,3719.84,928944829.63
700001.TI,2021-08-18,3719.47,3758.15,3719.47,3758.15,831686563.9
700001.TI,2021-08-19,3751.01,3754.02,3751.01,3754.02,827237062.44
700001.TI,2021-08-20,3728.87,3728.87,3711.97,3711.97,789191661.51
700001.TI,2021-08-23,3725.7,3783.98,3725.7,3783.98,856575793.16
700001.TI,2021-08-24,3788.52,3820.31,3788.52,3820.31,928628948.79
700001.TI,2021-08-25,3821.07,3840.94,3821.07,3840.94,900860978.28
700001.TI,2021-08-26,3838.25,3838.25,3786.78,3786.78,1004333740.67
700001.TI,2021-08-27,3777.31,3802.68,3777.31,3802.68,955109778.58
700001.TI,2021-08-30,3814.09,3814.09,3807.24,3807.24,1053337538.98
700001.TI,2021-08-31,3800.01,3803.43,3800.01,3803.43,1044220236.96
700001.TI,2021-09-01,3804.95,3804.95,3802.67,3802.67,1259202345.43
700001.TI,2021-09-02,3794.3,3828.53,3794.3,3828.53,1087819679.24
700001.TI,2021-09-03,3833.12,3833.12,3808.24,3808.24,1212655052.54
700001.TI,2021-09-06,3809.38,3866.89,3809.38,3866.89,1054001736.88
700001.TI,2021-09-07,3866.5,3920.64,3866.5,3920.64,1078268223.86
700001.TI,2021-09-08,3919.86,3919.86,3919.46,3919.46,1195492411.68
700001.TI,2021-09-09,3910.84,3924.95,3910.84,3924.95,1174456547.77
700001.TI,2021-09-10,3921.81,3943.4,3921.81,3943.4,1207599714.17
700001.TI,2021-09-13,3941.82,3942.61,3941.82,3942.61,1103046339.95
700001.TI,2021-09-14,3937.88,3937.88,3902.4,3902.4,1138201960.93
700001.TI,2021-09-15,3893.03,3896.55,3893.03,3896.55,984866209.47
700001.TI,2021-09-16,3898.11,3898.11,3825.63,3825.63,1115105499.5
700001.TI,2021-09-17,3816.83,3840.17,3816.83,3840.17,1021049125.7
700001.TI,2021-09-22,3784.49,3837.48,3784.49,3837.48,904617870.76
700001.TI,2021-09-23,3862.04,3862.04,3855.13,3855.13,1046348253.22
700001.TI,2021-09-24,3849.35,3849.35,3825.45,3825.45,993059910.25
700001.TI,2021-09-27,3838.46,3838.46,3781.46,3781.46,1020878050.97
700001.TI,2021-09-28,3771.63,3785.62,3771.63,3785.62,800778433.36
700001.TI,2021-09-29,3755.71,3755.71,3710.66,3710.66,852102148.02
700001.TI,2021-09-30,3723.28,3767.43,3723.28,3767.43,712453915.91
700001.TI,2021-10-08,3808.87,3808.87,3794.18,3794.18,788533037.69
700001.TI,2021-10-11,3802.15,3802.15,3787.73,3787.73,751616130.53
700001.TI,2021-10-12,3777.5,3777.5,3729.78,3729.78,782573842.34
700001.TI,2021-10-13,3729.41,3767.82,3729.41,3767.82,654106301.2
700001.TI,2021-10-14,3762.17,3769.7,3762.17,3769.7,626801652.87
700001.TI,2021-10-15,3759.14,3781.01,3759.14,3781.01,695728962.02
700001.TI,2021-10-18,3777.99,3779.88,3777.99,3779.88,694407505.58
700001.TI,2021-10-19,3777.61,3810.12,3777.61,3810.12,689970675.05
700001.TI,2021-10-20,3804.4,3807.83,3804.4,3807.83,719201088.68
700001.TI,2021-10-21,3810.11,3810.11,3807.83,3807.83,722200919.12
700001.TI,2021-10-22,3810.88,3810.88,3802.12,3802.12,732539038.36
700001.TI,2021-10-25,3796.42,3834.44,3796.42,3834.44,681401600.0
700001.TI,2021-10-26,3842.49,3842.49,3822.17,3822.17,720259598.95
700001.TI,2021-10-27,3813.38,3813.38,3781.65,3781.65,744265810.57
700001.TI,2021-10-28,3769.17,3769.17,3732.49,3732.49,766143235.94
700001.TI,2021-10-29,3734.36,3781.01,3734.36,3781.01,735757654.17
700001.TI,2021-11-01,3767.4,3790.08,3767.4,3790.08,789106860.81
700001.TI,2021-11-02,3790.08,3790.08,3751.8,3751.8,858356483.01
700001.TI,2021-11-03,3748.05,3748.05,3747.67,3747.67,665004244.92
700001.TI,2021-11-04,3760.41,3788.89,3760.41,3788.89,702695245.44
700001.TI,2021-11-05,3783.59,3783.59,3757.44,3757.44,798181064.85
700001.TI,2021-11-08,3755.19,3773.22,3755.19,3773.22,698105014.18
700001.TI,2021-11-09,3782.28,3795.48,3782.28,3795.48,675237221.99
700001.TI,2021-11-10,3784.09,3784.85,3784.09,3784.85,732273941.25
700001.TI,2021-11-11,3779.55,3830.27,3779.55,3830.27,774929684.92
700001.TI,2021-11-12,3831.42,3842.91,3831.42,3842.91,755730064.05
700001.TI,2021-11-15,3847.91,3847.91,3832.53,3832.53,779360328.27
700001.TI,2021-11-16,3828.31,3828.31,3814.13,3814.13,767766301.58
700001.TI,2021-11-17,3816.42,3845.41,3816.42,3845.41,712887307.46
700001.TI,2021-11-18,3840.03,3840.03,3821.95,3821.95,788940829.57
700001.TI,2021-11-19,3818.51,3865.9,3818.51,3865.9,777211542.16
700001.TI,2021-11-22,3871.7,3907.65,3871.7,3907.65,804560549.47
700001.TI,2021-11-23,3904.52,3908.04,3904.52,3908.04,838566010.0
700001.TI,2021-11-24,3907.26,3907.26,3906.87,3906.87,812484050.34
700001.TI,2021-11-25,3907.65,3907.65,3897.1,3897.1,751889740.28
700001.TI,2021-11-26,3889.7,3889.7,3885.02,3885.02,740665006.86
700001.TI,2021-11-29,3844.62,3893.57,3844.62,3893.57,767776980.32
700001.TI,2021-11-30,3905.25,3905.25,3897.07,3897.07,820695064.56
700001.TI,2021-12-01,3894.73,3906.81,3894.73,3906.81,789156564.06
700001.TI,2021-12-02,3902.12,3902.12,3891.57,3891.57,830569165.12
700001.TI,2021-12-03,3893.9,3922.7,3893.9,3922.7,807852637.78
700001.TI,2021-12-06,3924.27,3924.27,3888.57,3888.57,885102181.73
700001.TI,2021-12-07,3911.9,3911.9,3874.18,3874.18,850192398.51
700001.TI,2021-12-08,3884.64,3933.45,3884.64,3933.45,765550851.52
700001.TI,2021-12-09,3935.02,3968.06,3935.02,3968.06,899041132.76
700001.TI,2021-12-10,3946.24,3968.85,3946.24,3968.85,871575395.34
700001.TI,2021-12-13,3986.71,3989.49,3986.71,3989.49,897852748.78
700001.TI,2021-12-14,3979.12,3979.12,3975.93,3975.93,822609683.36
700001.TI,2021-12-15,3969.57,3969.57,3955.26,3955.26,850085166.98
700001.TI,2021-12-16,3957.63,3980.18,3957.63,3980.18,853496198.76
700001.TI,2021-12-17,3973.41,3973.41,3928.04,3928.04,910319016.77
700001.TI,2021-12-20,3914.68,3914.68,3868.73,3868.73,926991842.63
700001.TI,2021-12-21,3866.41,3906.64,3866.41,3906.64,887677413.08
700001.TI,2021-12-22,3915.63,3918.75,3915.63,3918.75,924103947.64
700001.TI,2021-12-23,3921.89,3930.51,3921.89,3930.51,872477590.98
700001.TI,2021-12-24,3932.87,3932.87,3887.67,3887.67,895751834.08
700001.TI,2021-12-27,3883.78,3887.67,3883.78,3887.67,763523807.15
700001.TI,2021-12-28,3892.34,3916.44,3892.34,3916.44,746043909.96
700001.TI,2021-12-29,3915.27,3915.27,3881.98,3881.98,727859012.1
700001.TI,2021-12-30,3882.37,3914.98,3882.37,3914.98,762076941.73
700001.TI,2021-12-31,3925.55,3938.86,3925.55,3938.86,797730490.18
700001.TI,2022-01-04,3953.04,3953.04,3929.8,3929.8,975066378.0
700001.TI,2022-01-05,3923.51,3923.51,3872.03,3872.03,1004634230.69
700001.TI,2022-01-06,3851.9,3863.51,3851.9,3863.51,882800012.9
700001.TI,2022-01-07,3866.21,3866.21,3833.76,3833.76,996159308.38
700001.TI,2022-01-10,3826.09,3852.55,3826.09,3852.55,818350392.32
700001.TI,2022-01-11,3851.01,3851.01,3818.65,3818.65,834191500.77
700001.TI,2022-01-12,3834.31,3864.09,3834.31,3864.09,808149623.68
700001.TI,2022-01-13,3868.34,3868.34,3805.74,3805.74,863789834.83
700001.TI,2022-01-14,3788.99,3791.28,3788.99,3791.28,882759193.68
700001.TI,2022-01-17,3794.31,3835.64,3794.31,3835.64,816445994.01
700001.TI,2022-01-18,3836.02,3840.63,3836.02,3840.63,925013585.11
700001.TI,2022-01-19,3834.48,3834.48,3814.51,3814.51,813880038.49
700001.TI,2022-01-20,3813.37,3813.37,3794.67,3794.67,893359405.79
700001.TI,2022-01-21,3783.29,3783.29,3754.07,3754.07,760722448.22
700001.TI,2022-01-24,3734.17,3761.2,3734.17,3761.2,651080867.26
700001.TI,2022-01-25,3744.65,3744.65,3648.74,3648.74,769626132.56
700001.TI,2022-01-26,3660.78,3671.73,3660.78,3671.73,614233410.96
700001.TI,2022-01-27,3670.26,3670.26,3582.87,3582.87,645426237.97
700001.TI,2022-01-28,3604.01,3604.01,3566.03,3566.03,642462736.02
700001.TI,2022-02-07,3619.52,3619.52,3617.38,3617.38,688891455.21
700001.TI,2022-02-08,3613.4,3621.0,3613.4,3621.0,757470525.5
700001.TI,2022-02-09,3620.64,3666.62,3620.64,3666.62,777406514.94
700001.TI,2022-02-10,3668.45,3668.45,3654.89,3654.89,761246872.4
700001.TI,2022-02-11,3638.44,3638.44,3607.01,3607.01,800402727.18
700001.TI,2022-02-14,3588.61,3588.61,3581.04,3581.04,705440958.16
700001.TI,2022-02-15,3584.26,3619.72,3584.26,3619.72,644990159.59
700001.TI,2022-02-16,3635.28,3640.71,3635.28,3640.71,649143911.91
700001.TI,2022-02-17,3637.43,3648.36,3637.43,3648.36,726393530.0
700001.TI,2022-02-18,3627.93,3668.79,3627.93,3668.79,683147344.37
700001.TI,2022-02-21,3669.16,3680.53,3669.16,3680.53,749227900.74
700001.TI,2022-02-22,3658.81,3658.81,3639.68,3639.68,782617934.8
700001.TI,2022-02-23,3644.78,3694.64,3644.78,3694.64,779075228.55
700001.TI,2022-02-24,3674.32,3674.32,3617.42,3617.42,1116673296.32
700001.TI,2022-02-25,3644.55,3653.23,3644.55,3653.23,811327043.3
700001.TI,2022-02-28,3651.4,3664.56,3651.4,3664.56,741730199.71
700001.TI,2022-03-01,3674.45,3686.55,3674.45,3686.55,723699052.38
700001.TI,2022-03-02,3669.59,3671.07,3669.59,3671.07,728735071.13
700001.TI,2022-03-03,3683.92,3683.92,3650.14,3650.14,862774916.71
700001.TI,2022-03-04,3625.32,3625.32,3605.97,3605.97,841175741.87
700001.TI,2022-03-07,3589.38,3589.38,3514.02,3514.02,822984406.4
700001.TI,2022-03-08,3516.13,3516.13,3421.95,3421.95,899351812.85
700001.TI,2022-03-09,3431.87,3431.87,3383.28,3383.28,985712741.46
700001.TI,2022-03-10,3457.37,3457.37,3443.84,3443.84,834207171.02
700001.TI,2022-03-11,3398.04,3461.4,3398.04,3461.4,829123083.44
700001.TI,2022-03-14,3425.4,3425.4,3363.44,3363.44,747764270.01
700001.TI,2022-03-15,3330.48,3330.48,3203.68,3203.68,954382834.15
700001.TI,2022-03-16,3258.14,3324.78,3258.14,3324.78,953367978.9
700001.TI,2022-03-17,3376.65,3387.29,3376.65,3387.29,949830680.24
700001.TI,2022-03-18,3373.06,3416.42,3373.06,3416.42,823234549.22
700001.TI,2022-03-21,3424.28,3430.77,3424.28,3430.77,825145042.48
700001.TI,2022-03-22,3424.59,3424.94,3424.59,3424.94,820943358.31
700001.TI,2022-03-23,3433.84,3441.38,3433.84,3441.38,796423797.17
700001.TI,2022-03-24,3422.11,3422.11,3414.54,3414.54,766939182.71
700001.TI,2022-03-25,3414.54,3414.54,3367.42,3367.42,774953085.27
700001.TI,2022-03-28,3339.13,3350.58,3339.13,3350.58,765950314.71
700001.TI,2022-03-29,3356.28,3356.28,3333.16,3333.16,738495387.05
700001.TI,2022-03-30,3349.49,3412.49,3349.49,3412.49,815019128.92
700001.TI,2022-03-31,3400.21,3400.21,3385.53,3385.53,894340985.72
700001.TI,2022-04-01,3365.22,3408.89,3365.22,3408.89,846441904.51
700001.TI,2022-04-06,3400.71,3406.5,3400.71,3406.5,911571189.86
700001.TI,2022-04-07,3389.13,3389.13,3347.23,3347.23,879301642.15
700001.TI,2022-04-08,3350.24,3350.24,3347.9,3347.9,874727653.3
700001.TI,2022-04-11,3330.16,3330.16,3241.77,3241.77,886202067.41
700001.TI,2022-04-12,3239.82,3296.56,3239.82,3296.56,866485548.11
700001.TI,2022-04-13,3277.77,3277.77,3251.4,3251.4,827984239.96
700001.TI,2022-04-14,3271.23,3289.44,3271.23,3289.44,776737358.44
700001.TI,2022-04-15,3269.05,3269.05,3266.08,3266.08,844990766.43
700001.TI,2022-04-18,3240.28,3266.08,3240.28,3266.08,711115568.92
700001.TI,2022-04-19,3262.16,3262.16,3259.22,3259.22,695280131.17
700001.TI,2022-04-20,3256.29,3256.29,3206.75,3206.75,759018387.97
700001.TI,2022-04-21,3190.4,3190.4,3117.6,3117.6,810654217.25
700001.TI,2022-04-22,3095.78,3109.49,3095.78,3109.49,708202865.19
700001.TI,2022-04-25,3051.65,3051.65,2921.37,2921.37,882744168.71
700001.TI,2022-04-26,2924.0,2924.0,2867.32,2867.32,829289232.52
700001.TI,2022-04-27,2838.07,2965.96,2838.07,2965.96,894246768.99
700001.TI,2022-04-28,2950.54,2963.59,2950.54,2963.59,779985121.51
700001.TI,2022-04-29,2980.78,3060.2,2980.78,3060.2,883386164.33
700001.TI,2022-05-05,3049.49,3080.09,3049.49,3080.09,787904867.68
700001.TI,2022-05-06,3012.94,3017.87,3012.94,3017.87,714246900.48
700001.TI,2022-05-09,3006.1,3023.6,3006.1,3023.6,627472451.07
700001.TI,2022-05-10,2982.18,3066.23,2982.18,3066.23,780962157.8
700001.TI,2022-05-11,3068.07,3100.27,3068.07,3100.27,929710667.45
700001.TI,2022-05-12,3081.67,3100.58,3081.67,3100.58,747435739.78
700001.TI,2022-05-13,3116.7,3123.21,3116.7,3123.21,716173395.68
700001.TI,2022-05-16,3143.82,3143.82,3112.59,3112.59,746379172.29
700001.TI,2022-05-17,3114.15,3139.05,3114.15,3139.05,717038114.69
700001.TI,2022-05-18,3143.13,3143.13,3137.17,3137.17,708467339.02
700001.TI,2022-05-19,3093.25,3153.48,3093.25,3153.48,750551196.16
700001.TI,2022-05-20,3167.99,3205.51,3167.99,3205.51,818255717.94
700001.TI,2022-05-23,3210.96,3214.16,3210.96,3214.16,773049638.09
700001.TI,2022-05-24,3213.84,3213.84,3111.31,3111.31,904668519.3
700001.TI,2022-05-25,3110.38,3147.09,3110.38,3147.09,716097853.84
700001.TI,2022-05-26,3152.44,3163.14,3152.44,3163.14,770273582.06
700001.TI,2022-05-27,3180.22,3180.22,3165.67,3165.67,755720079.59
700001.TI,2022-05-30,3179.92,3193.21,3179.92,3193.21,722317611.9
700001.TI,2022-05-31,3195.13,3238.55,3195.13,3238.55,795264524.98
700001.TI,2022-06-01,3232.72,3241.79,3232.72,3241.79,775809699.55
700001.TI,2022-06-02,3230.44,3263.19,3230.44,3263.19,768126282.11
700001.TI,2022-06-06,3264.82,3327.15,3264.82,3327.15,887220291.09
700001.TI,2022-06-07,3327.82,3328.81,3327.82,3328.81,860301818.22
700001.TI,2022-06-08,3331.81,3348.12,3331.81,3348.12,912270692.72
700001.TI,2022-06-09,3341.76,3341.76,3303.59,3303.59,858382604.43
700001.TI,2022-06-10,3282.12,3361.07,3282.12,3361.07,882798876.95
700001.TI,2022-06-13,3332.16,3346.28,3332.16,3346.28,906369297.29
700001.TI,2022-06-14,3311.48,3362.68,3311.48,3362.68,941305368.42
700001.TI,2022-06-15,3366.72,3381.17,3366.72,3381.17,1113531023.02
700001.TI,2022-06-16,3384.55,3384.55,3381.17,3381.17,924187131.3
700001.TI,2022-06-17,3358.85,3420.05,3358.85,3420.05,860487884.05
700001.TI,2022-06-20,3430.65,3444.33,3430.65,3444.33,890217263.08
700001.TI,2022-06-21,3444.33,3444.33,3430.21,3430.21,887213359.88
700001.TI,2022-06-22,3433.98,3433.98,3387.33,3387.33,815434414.63
700001.TI,2022-06-23,3392.07,3452.37,3392.07,3452.37,873180157.87
700001.TI,2022-06-24,3461.35,3493.8,3461.35,3493.8,894218445.61
700001.TI,2022-06-27,3510.57,3528.39,3510.57,3528.39,929233521.85
700001.TI,2022-06-28,3528.39,3570.38,3528.39,3570.38,947859741.23
700001.TI,2022-06-29,3560.38,3560.38,3503.26,3503.26,1018795070.36
700001.TI,2022-06-30,3506.41,3551.6,3506.41,3551.6,882687891.62
700001.TI,2022-07-01,3553.73,3553.73,3541.66,3541.66,805290585.33
700001.TI,2022-07-04,3533.16,3572.12,3533.16,3572.12,814599340.51
700001.TI,2022-07-05,3578.19,3578.19,3560.69,3560.69,903844314.5
700001.TI,2022-07-06,3549.65,3549.65,3515.47,3515.47,833819814.78
700001.TI,2022-07-07,3516.17,3538.67,3516.17,3538.67,785800113.79
700001.TI,2022-07-08,3556.01,3556.01,3526.99,3526.99,782974653.77
700001.TI,2022-07-11,3513.94,3513.94,3478.32,3478.32,790828854.2
700001.TI,2022-07-12,3479.36,3479.36,3437.62,3437.62,775735984.12
700001.TI,2022-07-13,3437.96,3455.15,3437.96,3455.15,773906589.03
700001.TI,2022-07-14,3447.89,3470.01,3447.89,3470.01,822612895.37
700001.TI,2022-07-15,3458.56,3458.56,3420.74,3420.74,882417717.63
700001.TI,2022-07-18,3429.98,3471.37,3429.98,3471.37,818499636.32
700001.TI,2022-07-19,3472.06,3474.49,3472.06,3474.49,798894919.44
700001.TI,2022-07-20,3487.69,3500.9,3487.69,3500.9,760106002.81
700001.TI,2022-07-21,3494.25,3494.25,3472.89,3472.89,817198495.92
700001.TI,2022-07-22,3480.53,3480.53,3465.25,3465.25,764399840.38
700001.TI,2022-07-25,3464.9,3464.9,3437.18,3437.18,703275749.53
700001.TI,2022-07-26,3440.96,3470.86,3440.96,3470.86,681888236.85
700001.TI,2022-07-27,3464.61,3476.76,3464.61,3476.76,692375832.23
700001.TI,2022-07-28,3492.75,3492.75,3487.19,3487.19,791824921.74
700001.TI,2022-07-29,3489.63,3489.63,3454.76,3454.76,791104509.07
700001.TI,2022-08-01,3448.89,3475.14,3448.89,3475.14,745440335.81
700001.TI,2022-08-02,3439.0,3439.0,3384.09,3384.09,988294147.13
700001.TI,2022-08-03,3388.49,3388.49,3356.68,3356.68,848908870.65
700001.TI,2022-08-04,3375.14,3385.88,3375.14,3385.88,687519083.07
700001.TI,2022-08-05,3394.34,3436.33,3394.34,3436.33,726375836.58
700001.TI,2022-08-08,3428.43,3454.2,3428.43,3454.2,675661184.71
700001.TI,2022-08-09,3450.75,3464.91,3450.75,3464.91,682139077.01
700001.TI,2022-08-10,3457.98,3457.98,3448.28,3448.28,683583057.53
700001.TI,2022-08-11,3464.14,3505.18,3464.14,3505.18,787335011.69
700001.TI,2022-08-12,3500.27,3500.27,3493.61,3493.61,787064336.34
700001.TI,2022-08-15,3486.62,3503.04,3486.62,3503.04,742150249.02
700001.TI,2022-08-16,3506.89,3511.8,3506.89,3511.8,791850948.66
700001.TI,2022-08-17,3516.01,3531.47,3516.01,3531.47,835792272.76
700001.TI,2022-08-18,3523.7,3523.7,3520.88,3520.88,800700066.6
700001.TI,2022-08-19,3519.12,3519.12,3483.21,3483.21,849095648.24
700001.TI,2022-08-22,3473.11,3510.73,3473.11,3510.73,775948940.51
700001.TI,2022-08-23,3505.11,3508.27,3505.11,3508.27,774768757.38
700001.TI,2022-08-24,3512.13,3512.13,3417.76,3417.76,905712014.26
700001.TI,2022-08-25,3428.36,3428.36,3427.67,3427.67,802149121.59
700001.TI,2022-08-26,3435.55,3435.55,3416.02,3416.02,730864491.77
700001.TI,2022-08-29,3374.34,3419.09,3374.34,3419.09,688679590.33
700001.TI,2022-08-30,3418.41,3418.41,3404.05,3404.05,700534872.58
700001.TI,2022-08-31,3390.77,3390.77,3355.03,3355.03,800507659.49
700001.TI,2022-09-01,3350.67,3350.67,3333.22,3333.22,666389183.37
700001.TI,2022-09-02,3340.55,3341.22,3340.55,3341.22,620099264.95
700001.TI,2022-09-05,3335.87,3343.89,3335.87,3343.89,644371175.69
700001.TI,2022-09-06,3352.25,3388.7,3352.25,3388.7,719759150.06
700001.TI,2022-09-07,3375.48,3398.53,3375.48,3398.53,717194266.64
700001.TI,2022-09-08,3400.23,3400.23,3377.12,3377.12,675270537.35
700001.TI,2022-09-09,3383.87,3402.45,3383.87,3402.45,657754571.28
700001.TI,2022-09-13,3414.36,3414.36,3409.25,3409.25,639610172.27
700001.TI,2022-09-14,3362.54,3375.5,3362.54,3375.5,608709055.83
700001.TI,2022-09-15,3388.33,3388.33,3313.39,3313.39,766589728.26
700001.TI,2022-09-16,3303.12,3303.12,3238.18,3238.18,708749188.01
700001.TI,2022-09-19,3234.29,3234.29,3218.1,3218.1,577851608.83
700001.TI,2022-09-20,3235.16,3240.95,3235.16,3240.95,539908443.53
700001.TI,2022-09-21,3231.23,3231.55,3231.23,3231.55,566958057.9
700001.TI,2022-09-22,3209.25,3215.72,3209.25,3215.72,542640129.61
700001.TI,2022-09-23,3213.79,3213.79,3180.03,3180.03,583114265.53
700001.TI,2022-09-26,3157.45,3157.45,3149.5,3149.5,585661805.78
700001.TI,2022-09-27,3157.06,3205.25,3157.06,3205.25,551029336.51
700001.TI,2022-09-28,3197.56,3197.56,3133.45,3133.45,551275760.15
700001.TI,2022-09-29,3162.28,3162.28,3131.26,3131.26,542395022.1
700001.TI,2022-09-30,3131.89,3131.89,3100.57,3100.57,485040528.02
700001.TI,2022-10-10,3103.98,3103.98,3036.08,3036.08,539701702.8
700001.TI,2022-10-11,3042.46,3048.83,3042.46,3048.83,484739411.08
700001.TI,2022-10-12,3045.78,3113.47,3045.78,3113.47,592930732.06
700001.TI,2022-10-13,3094.48,3112.22,3094.48,3112.22,599555992.57
700001.TI,2022-10-14,3134.94,3186.6,3134.94,3186.6,665361293.86
700001.TI,2022-10-17,3172.26,3206.36,3172.26,3206.36,643983117.96
700001.TI,2022-10-18,3218.86,3218.86,3210.53,3210.53,632578501.29
700001.TI,2022-10-19,3201.86,3201.86,3172.0,3172.0,595403106.4
700001.TI,2022-10-20,3153.29,3157.73,3153.29,3157.73,619331915.77
700001.TI,2022-10-21,3158.68,3158.68,3154.57,3154.57,588567682.67
700001.TI,2022-10-24,3152.68,3152.68,3094.32,3094.32,704544314.34
700001.TI,2022-10-25,3081.63,3087.51,3081.63,3087.51,646087743.88
700001.TI,2022-10-26,3090.29,3130.74,3090.29,3130.74,705309185.44
700001.TI,2022-10-27,3136.69,3136.69,3113.52,3113.52,691119902.32
700001.TI,2022-10-28,3091.73,3091.73,3022.29,3022.29,731469429.59
700001.TI,2022-10-31,2997.81,3021.38,2997.81,3021.38,695555862.49
700001.TI,2022-11-01,3028.33,3109.6,3028.33,3109.6,743389739.52
700001.TI,2022-11-02,3102.14,3148.16,3102.14,3148.16,790997196.15
700001.TI,2022-11-03,3121.72,3144.38,3121.72,3144.38,659353520.38
700001.TI,2022-11-04,3144.69,3226.13,3144.69,3226.13,794948169.55
700001.TI,2022-11-07,3221.61,3234.52,3221.61,3234.52,774637047.35
700001.TI,2022-11-08,3233.23,3233.23,3221.58,3221.58,654888041.28
700001.TI,2022-11-09,3222.87,3222.87,3206.12,3206.12,628349446.18
700001.TI,2022-11-10,3185.92,3185.92,3183.04,3183.04,694904864.18
700001.TI,2022-11-11,3259.75,3259.75,3232.38,3232.38,1006021109.85
700001.TI,2022-11-14,3243.69,3243.69,3228.18,3228.18,878918204.23
700001.TI,2022-11-15,3224.63,3291.78,3224.63,3291.78,834087453.59
700001.TI,2022-11-16,3289.8,3289.8,3270.38,3270.38,768050199.75
700001.TI,2022-11-17,3260.9,3269.4,3260.9,3269.4,724443295.7
700001.TI,2022-11-18,3271.03,3271.03,3251.09,3251.09,790840692.9
700001.TI,2022-11-21,3228.98,3243.94,3228.98,3243.94,676083787.17
700001.TI,2022-11-22,3240.37,3240.37,3221.23,3221.23,759995732.64
700001.TI,2022-11-23,3214.79,3216.72,3214.79,3216.72,730434492.84
700001.TI,2022-11-24,3226.05,3226.05,3215.11,3215.11,642745772.61
700001.TI,2022-11-25,3208.36,3208.36,3206.75,3206.75,678471496.97
700001.TI,2022-11-28,3155.12,3183.66,3155.12,3183.66,679720859.82
700001.TI,2022-11-29,3200.85,3257.52,3200.85,3257.52,859634301.51
700001.TI,2022-11-30,3251.98,3259.15,3251.98,3259.15,848578710.46
700001.TI,2022-12-01,3300.87,3300.87,3289.46,3289.46,880563106.37
700001.TI,2022-12-02,3282.88,3284.85,3282.88,3284.85,735822870.19
700001.TI,2022-12-05,3308.17,3325.58,3308.17,3325.58,935929513.62
700001.TI,2022-12-06,3313.61,3329.9,3313.61,3329.9,828731079.36
700001.TI,2022-12-07,3321.24,3326.24,3321.24,3326.24,799112003.65
700001.TI,2022-12-08,3321.92,3321.92,3319.25,3319.25,760332555.82
700001.TI,2022-12-09,3320.25,3335.51,3320.25,3335.51,836634083.32
700001.TI,2022-12-12,3324.17,3324.17,3311.16,3311.16,762735125.02
700001.TI,2022-12-13,3310.5,3310.5,3297.58,3297.58,694074998.49
700001.TI,2022-12-14,3301.87,3301.87,3296.59,3296.59,670635307.47
700001.TI,2022-12-15,3293.95,3300.22,3293.95,3300.22,634180668.67
700001.TI,2022-12-16,3284.05,3284.71,3284.05,3284.71,661255261.03
700001.TI,2022-12-19,3282.08,3282.08,3223.61,3223.61,677634828.07
700001.TI,2022-12-20,3214.91,3214.91,3186.22,3186.22,545849964.69
700001.TI,2022-12-21,3190.04,3190.04,3175.07,3175.07,503234819.41
700001.TI,2022-12-22,3193.17,3193.17,3154.43,3154.43,570365750.67
700001.TI,2022-12-23,3136.45,3144.97,3136.45,3144.97,506722434.57
700001.TI,2022-12-26,3146.86,3178.94,3146.86,3178.94,524347407.65
700001.TI,2022-12-27,3190.7,3208.82,3190.7,3208.82,567728801.11
700001.TI,2022-12-28,3198.55,3198.55,3188.6,3188.6,567846514.18
700001.TI,2022-12-29,3177.44,3179.35,3177.44,3179.35,534736837.86
700001.TI,2022-12-30,3191.43,3192.39,3191.43,3192.39,535988194.43
700001.TI,2023-01-03,3190.16,3232.61,3190.16,3232.61,675708616.26
700001.TI,2023-01-04,3231.96,3236.81,3231.96,3236.81,682300022.95
700001.TI,2023-01-05,3246.84,3280.51,3246.84,3280.51,664841437.08
700001.TI,2023-01-06,3279.53,3285.1,3279.53,3285.1,662639131.97
700001.TI,2023-01-09,3296.93,3307.11,3296.93,3307.11,617022138.38
700001.TI,2023-01-10,3309.09,3309.42,3309.09,3309.42,573195334.56
700001.TI,2023-01-11,3311.07,3311.07,3293.2,3293.2,585895385.91
700001.TI,2023-01-12,3299.79,3299.79,3296.49,3296.49,556105630.59
700001.TI,2023-01-13,3306.38,3326.16,3306.38,3326.16,551212018.91
700001.TI,2023-01-16,3329.15,3370.07,3329.15,3370.07,699369730.04
700001.TI,2023-01-17,3372.09,3372.09,3369.73,3369.73,557945492.95
700001.TI,2023-01-18,3373.77,3373.77,3372.43,3372.43,526279217.72
700001.TI,2023-01-19,3368.38,3395.36,3368.38,3395.36,552408079.47
700001.TI,2023-01-20,3403.17,3420.49,3403.17,3420.49,616378636.04
700001.TI,2023-01-30,3475.9,3475.9,3444.78,3444.78,838976235.27
700001.TI,2023-01-31,3438.58,3438.58,3430.31,3430.31,746951251.62
700001.TI,2023-02-01,3438.54,3472.5,3438.54,3472.5,838936383.4
700001.TI,2023-02-02,3480.14,3480.14,3470.42,3470.42,824617526.36
700001.TI,2023-02-03,3459.31,3459.31,3451.68,3451.68,740843743.48
700001.TI,2023-02-06,3430.62,3430.62,3422.0,3422.0,690917111.84
700001.TI,2023-02-07,3428.16,3432.61,3428.16,3432.61,691507622.82
700001.TI,2023-02-08,3435.7,3435.7,3414.42,3414.42,661665473.88
700001.TI,2023-02-09,3407.25,3462.22,3407.25,3462.22,693048689.15
700001.TI,2023-02-10,3457.72,3457.72,3447.68,3447.68,716032790.8
700001.TI,2023-02-13,3444.58,3479.4,3444.58,3479.4,762428179.17
700001.TI,2023-02-14,3486.01,3486.01,3481.49,3481.49,718144501.91
700001.TI,2023-02-15,3482.53,3482.53,3474.18,3474.18,734059433.91
700001.TI,2023-02-16,3474.18,3474.18,3426.24,3426.24,983468949.24
700001.TI,2023-02-17,3423.16,3423.16,3388.55,3388.55,730542047.05
700001.TI,2023-02-20,3392.62,3452.25,3392.62,3452.25,762441279.83
700001.TI,2023-02-21,3452.6,3464.33,3452.6,3464.33,753593876.44
700001.TI,2023-02-22,3446.32,3450.13,3446.32,3450.13,624397017.63
700001.TI,2023-02-23,3450.82,3450.82,3443.92,3443.92,644531080.83
700001.TI,2023-02-24,3444.26,3444.26,3421.53,3421.53,560041099.59
700001.TI,2023-02-27,3408.87,3408.87,3402.03,3402.03,580046126.9
700001.TI,2023-02-28,3412.24,3427.55,3412.24,3427.55,597744772.01
700001.TI,2023-03-01,3427.21,3463.54,3427.21,3463.54,732435233.26
700001.TI,2023-03-02,3460.08,3460.08,3452.11,3452.11,758950549.7
700001.TI,2023-03-03,3455.56,3458.32,3455.56,3458.32,730527356.25
700001.TI,2023-03-06,3460.39,3460.39,3454.17,3454.17,725947765.73
700001.TI,2023-03-07,3450.72,3450.72,3395.1,3395.1,798563111.71
700001.TI,2023-03-08,3383.22,3399.17,3383.22,3399.17,574663594.17
700001.TI,2023-03-09,3402.23,3402.23,3393.05,3393.05,591785825.99
700001.TI,2023-03-10,3372.01,3372.01,3348.6,3348.6,641669319.16
700001.TI,2023-03-13,3341.9,3372.38,3341.9,3372.38,657606279.27
700001.TI,2023-03-14,3366.65,3366.65,3345.74,3345.74,716795499.22
700001.TI,2023-03-15,3363.14,3363.14,3357.12,3357.12,654971095.7
700001.TI,2023-03-16,3336.98,3336.98,3310.46,3310.46,684496787.52
700001.TI,2023-03-17,3332.64,3332.64,3329.66,3329.66,747196737.79
700001.TI,2023-03-20,3333.99,3333.99,3317.34,3317.34,829275103.31
700001.TI,2023-03-21,3322.98,3358.14,3322.98,3358.14,686279339.47
700001.TI,2023-03-22,3366.2,3373.92,3366.2,3373.92,735316022.04
700001.TI,2023-03-23,3364.14,3395.51,3364.14,3395.51,742221318.28
700001.TI,2023-03-24,3395.17,3395.17,3392.11,3392.11,802781686.06
700001.TI,2023-03-27,3390.75,3390.75,3389.06,3389.06,832129295.55
700001.TI,2023-03-28,3389.74,3389.74,3369.4,3369.4,741245394.43
700001.TI,2023-03-29,3375.8,3375.8,3366.7,3366.7,706691250.72
700001.TI,2023-03-30,3367.37,3379.16,3367.37,3379.16,689029392.92
700001.TI,2023-03-31,3382.2,3401.46,3382.2,3401.46,681075306.66
700001.TI,2023-04-03,3405.88,3439.22,3405.88,3439.22,854031327.09
700001.TI,2023-04-04,3438.53,3438.53,3436.12,3436.12,891817162.82
700001.TI,2023-04-06,3421.34,3436.46,3421.34,3436.46,779550058.53
700001.TI,2023-04-07,3437.83,3463.95,3437.83,3463.95,708787014.82
700001.TI,2023-04-10,3469.49,3469.49,3435.89,3435.89,805219287.11
700001.TI,2023-04-11,3436.58,3437.95,3436.58,3437.95,735335169.45
700001.TI,2023-04-12,3439.33,3448.61,3439.33,3448.61,788782495.63
700001.TI,2023-04-13,3439.99,3439.99,3425.5,3425.5,812997979.85
700001.TI,2023-04-14,3433.04,3445.03,3433.04,3445.03,773169705.79
700001.TI,2023-04-17,3441.58,3468.46,3441.58,3468.46,821770045.71
700001.TI,2023-04-18,3461.87,3467.42,3461.87,3467.42,742608071.65
700001.TI,2023-04-19,3464.3,3464.3,3445.58,3445.58,757682436.37
700001.TI,2023-04-20,3441.79,3441.79,3438.34,3438.34,780145966.56
700001.TI,2023-04-21,3437.31,3437.31,3357.88,3357.88,862654235.41
700001.TI,2023-04-24,3355.87,3355.87,3326.65,3326.65,780378711.93
700001.TI,2023-04-25,3324.99,3324.99,3287.06,3287.06,843902757.67
700001.TI,2023-04-26,3276.21,3295.61,3276.21,3295.61,795906114.67
700001.TI,2023-04-27,3285.06,3305.83,3285.06,3305.83,756962801.78
700001.TI,2023-04-28,3304.18,3350.13,3304.18,3350.13,854654930.74
700001.TI,2023-05-04,3338.07,3356.16,3338.07,3356.16,964924600.65
700001.TI,2023-05-05,3354.48,3354.48,3333.67,3333.67,876672911.83
700001.TI,2023-05-08,3339.67,3364.34,3339.67,3364.34,973528340.9
700001.TI,2023-05-09,3363.67,3363.67,3325.65,3325.65,1054844779.56
700001.TI,2023-05-10,3318.0,3318.0,3316.34,3316.34,839811131.62
700001.TI,2023-05-11,3322.31,3322.31,3316.67,3316.67,736604639.78
700001.TI,2023-05-12,3311.69,3311.69,3276.54,3276.54,712999493.47
700001.TI,2023-05-15,3277.2,3316.19,3277.2,3316.19,770571561.42
700001.TI,2023-05-16,3317.52,3317.52,3293.64,3293.64,673404161.33
700001.TI,2023-05-17,3286.06,3297.26,3286.06,3297.26,609584566.64
700001.TI,2023-05-18,3301.22,3303.2,3301.22,3303.2,678669959.13
700001.TI,2023-05-19,3297.25,3300.23,3297.25,3300.23,637427400.69
700001.TI,2023-05-22,3297.26,3312.11,3297.26,3312.11,617306561.83
700001.TI,2023-05-23,3310.79,3310.79,3272.36,3272.36,613485494.0
700001.TI,2023-05-24,3263.2,3263.2,3246.84,3246.84,632703279.41
700001.TI,2023-05-25,3241.65,3241.65,3241.65,3241.65,659189073.66
700001.TI,2023-05-26,3240.03,3253.97,3240.03,3253.97,617845466.48
700001.TI,2023-05-29,3261.78,3261.78,3243.88,3243.88,691756437.66
700001.TI,2023-05-30,3237.72,3255.23,3237.72,3255.23,699998173.91
700001.TI,2023-05-31,3249.05,3249.05,3239.93,3239.93,681348983.19
700001.TI,2023-06-01,3231.51,3247.71,3231.51,3247.71,730031545.83
700001.TI,2023-06-02,3256.8,3282.79,3256.8,3282.79,699988150.61
700001.TI,2023-06-05,3283.12,3283.12,3279.18,3279.18,652837542.03
700001.TI,2023-06-06,3275.57,3275.57,3229.99,3229.99,722305546.29
700001.TI,2023-06-07,3233.22,3233.22,3228.05,3228.05,606104517.66
700001.TI,2023-06-08,3226.11,3230.31,3226.11,3230.31,662918924.09
700001.TI,2023-06-09,3232.57,3252.28,3232.57,3252.28,719148621.84
700001.TI,2023-06-12,3247.08,3263.99,3247.08,3263.99,716219379.48
700001.TI,2023-06-13,3260.07,3280.31,3260.07,3280.31,680264012.34
700001.TI,2023-06-14,3286.21,3286.21,3285.56,3285.56,728803019.13
700001.TI,2023-06-15,3289.5,3320.72,3289.5,3320.72,744923389.31
700001.TI,2023-06-16,3324.04,3351.27,3324.04,3351.27,750744492.42
700001.TI,2023-06-19,3351.27,3351.27,3343.23,3343.23,756245879.95
700001.TI,2023-06-20,3339.89,3339.89,3338.22,3338.22,724255757.22
700001.TI,2023-06-21,3329.87,3329.87,3280.47,3280.47,711451685.88
700001.TI,2023-06-26,3257.51,3257.51,3226.01,3226.01,730972479.83
700001.TI,2023-06-27,3228.91,3265.04,3228.91,3265.04,656274498.39
700001.TI,2023-06-28,3261.77,3261.77,3258.18,3258.18,674477979.17
700001.TI,2023-06-29,3254.6,3261.76,3254.6,3261.76,630169252.79
700001.TI,2023-06-30,3259.8,3292.42,3259.8,3292.42,668660411.88
700001.TI,2023-07-03,3300.98,3320.08,3300.98,3320.08,752191560.95
700001.TI,2023-07-04,3318.09,3330.04,3318.09,3330.04,677417104.17
700001.TI,2023-07-05,3327.71,3327.71,3305.73,3305.73,650110423.16
700001.TI,2023-07-06,3298.79,3298.79,3292.51,3292.51,623912197.61
700001.TI,2023-07-07,3284.94,3284.94,3275.39,3275.39,639250269.44
700001.TI,2023-07-10,3286.53,3286.53,3284.89,3284.89,580028524.64
700001.TI,2023-07-11,3290.47,3308.87,3290.47,3308.87,577949420.69
700001.TI,2023-07-12,3308.54,3308.54,3277.1,3277.1,685801820.24
700001.TI,2023-07-13,3288.9,3321.34,3288.9,3321.34,671513164.78
700001.TI,2023-07-14,3326.32,3326.32,3321.67,3321.67,674222265.34
700001.TI,2023-07-17,3311.37,3311.37,3305.39,3305.39,612602066.48
700001.TI,2023-07-18,3308.7,3308.7,3298.45,3298.45,596729069.65
700001.TI,2023-07-19,3295.15,3295.15,3293.5,3293.5,544417052.02
700001.TI,2023-07-20,3298.11,3298.11,3261.55,3261.55,623618815.54
700001.TI,2023-07-21,3256.98,3258.61,3256.98,3258.61,596017115.75
700001.TI,2023-07-24,3248.83,3250.46,3248.83,3250.46,568978079.61
700001.TI,2023-07-25,3289.47,3321.97,3289.47,3321.97,785445913.72
700001.TI,2023-07-26,3318.65,3318.65,3310.01,3310.01,730951009.18
700001.TI,2023-07-27,3312.66,3312.66,3296.11,3296.11,745591705.05
700001.TI,2023-07-28,3287.54,3348.85,3287.54,3348.85,879093487.88
700001.TI,2023-07-31,3362.25,3372.96,3362.25,3372.96,992777695.24
700001.TI,2023-08-01,3369.92,3369.92,3365.2,3365.2,939171836.98
700001.TI,2023-08-02,3357.12,3357.12,3350.73,3350.73,832573696.53
700001.TI,2023-08-03,3341.68,3366.14,3341.68,3366.14,799359505.12
700001.TI,2023-08-04,3382.3,3382.3,3378.93,3378.93,955808547.17
700001.TI,2023-08-07,3368.79,3368.79,3356.63,3356.63,775281768.38
700001.TI,2023-08-08,3350.25,3350.25,3345.22,3345.22,694452750.27
700001.TI,2023-08-09,3335.85,3335.85,3326.15,3326.15,628823103.54
700001.TI,2023-08-10,3322.16,3333.13,3322.16,3333.13,607905568.01
700001.TI,2023-08-11,3335.46,3335.46,3266.13,3266.13,700408893.52
700001.TI,2023-08-14,3235.43,3259.27,3235.43,3259.27,644081751.93
700001.TI,2023-08-15,3260.57,3260.57,3242.97,3242.97,602666238.96
700001.TI,2023-08-16,3231.3,3231.3,3214.11,3214.11,613183230.04
700001.TI,2023-08-17,3201.9,3236.61,3201.9,3236.61,641499572.04
700001.TI,2023-08-18,3236.93,3236.93,3189.36,3189.36,655320944.46
700001.TI,2023-08-21,3182.02,3182.02,3153.0,3153.0,584945873.48
700001.TI,2023-08-22,3166.87,3173.18,3166.87,3173.18,693820199.06
700001.TI,2023-08-23,3166.83,3166.83,3116.7,3116.7,607412140.75
700001.TI,2023-08-24,3126.99,3130.73,3126.99,3130.73,665848852.5
700001.TI,2023-08-25,3115.7,3115.7,3095.98,3095.98,679574934.61
700001.TI,2023-08-28,3264.4,3264.4,3127.87,3127.87,1013280914.43
700001.TI,2023-08-29,3120.05,3192.3,3120.05,3192.3,905539813.89
700001.TI,2023-08-30,3199.96,3201.24,3199.96,3201.24,822286176.61
700001.TI,2023-08-31,3197.72,3197.72,3182.99,3182.99,713351293.65
700001.TI,2023-09-01,3190.31,3194.77,3190.31,3194.77,651748181.11
700001.TI,2023-09-04,3209.15,3241.41,3209.15,3241.41,784469853.64
700001.TI,2023-09-05,3234.6,3234.6,3220.34,3220.34,680793836.79
700001.TI,2023-09-06,3210.03,3224.2,3210.03,3224.2,640736922.12
700001.TI,2023-09-07,3217.43,3217.43,3173.9,3173.9,657500423.41
700001.TI,2023-09-08,3164.38,3171.04,3164.38,3171.04,569570213.99
700001.TI,2023-09-11,3173.89,3200.21,3173.89,3200.21,682639274.66
700001.TI,2023-09-12,3197.33,3197.33,3195.73,3195.73,577241305.06
700001.TI,2023-09-13,3191.9,3191.9,3166.65,3166.65,605524227.36
700001.TI,2023-09-14,3166.02,3166.02,3156.2,3156.2,598500327.3
700001.TI,2023-09-15,3163.14,3163.14,3149.26,3149.26,622952149.11
700001.TI,2023-09-18,3139.81,3161.86,3139.81,3161.86,594068995.81
700001.TI,2023-09-19,3158.07,3158.07,3144.79,3144.79,570000044.93
700001.TI,2023-09-20,3139.76,3139.76,3126.55,3126.55,522040770.11
700001.TI,2023-09-21,3119.98,3119.98,3102.48,3102.48,524861461.08
700001.TI,2023-09-22,3100.62,3158.95,3100.62,3158.95,653364985.66
700001.TI,2023-09-25,3158.0,3158.0,3141.89,3141.89,602491876.56
700001.TI,2023-09-26,3138.128,3146.276,3126.859,3126.859,538025241.98
700001.TI,2023-09-27,3126.49,3157.588,3126.31,3138.289,585599114.1
700001.TI,2023-09-28,3146.823,3153.189,3138.371,3147.379,587771580.2
700001.TI,2023-10-09,3141.138,3145.918,3114.129,3138.425,650118009.29
700001.TI,2023-10-10,3146.448,3150.905,3122.108,3123.944,651825956.78
700001.TI,2023-10-11,3133.811,3150.279,3123.881,3132.18,667544641.89
700001.TI,2023-10-12,3150.996,3158.198,3140.166,3157.471,677968511.78
700001.TI,2023-10-13,3140.912,3142.094,3125.652,3133.839,662299965.62
700001.TI,2023-10-16,3135.6,3135.659,3094.234,3105.758,689166609.0
700001.TI,2023-10-17,3109.585,3110.656,3091.812,3110.018,635258013.89
700001.TI,2023-10-18,3102.128,3102.177,3071.599,3072.937,660284929.12
700001.TI,2023-10-19,3055.956,3066.532,3025.342,3025.407,697646844.18
700001.TI,2023-10-20,3012.236,3028.633,2995.126,2999.885,634760504.23
700001.TI,2023-10-23,2989.523,2989.523,2933.145,2947.783,661764700.95
700001.TI,2023-10-24,2956.04,2985.012,2941.277,2979.922,711872572.23
700001.TI,2023-10-25,3004.424,3021.829,3001.458,3004.884,771962649.54
700001.TI,2023-10-26,2988.427,3017.914,2981.557,3016.195,727101780.47
700001.TI,2023-10-27,3006.231,3070.682,3001.801,3059.715,799315106.57
700001.TI,2023-10-30,3052.298,3096.49,3052.298,3090.241,852132615.21
700001.TI,2023-10-31,3088.845,3089.454,3064.877,3077.711,773822744.35
700001.TI,2023-11-01,3091.062,3091.062,3069.254,3075.518,687042243.25
700001.TI,2023-11-02,3079.564,3088.151,3051.462,3051.462,671374025.36
700001.TI,2023-11-03,3055.148,3092.591,3055.136,3083.923,677629345.2
700001.TI,2023-11-06,3103.366,3137.738,3103.366,3137.38,887500052.53
700001.TI,2023-11-07,3131.876,3147.688,3122.688,3140.149,816382922.04
700001.TI,2023-11-08,3135.552,3152.741,3123.163,3141.371,853249318.93
700001.TI,2023-11-09,3136.662,3152.23,3125.226,3131.288,783265027.37
700001.TI,2023-11-10,3118.507,3121.02,3104.185,3116.204,678772711.06
700001.TI,2023-11-13,3124.073,3130.82,3110.806,3128.559,714749555.91
700001.TI,2023-11-14,3128.57,3146.028,3127.185,3140.845,740142244.46
700001.TI,2023-11-15,3166.789,3169.374,3151.109,3159.669,783153407.88
700001.TI,2023-11-16,3152.03,3155.459,3130.87,3130.87,698706611.83
700001.TI,2023-11-17,3123.039,3141.412,3119.189,3141.0,685427815.96
700001.TI,2023-11-20,3144.013,3162.284,3129.921,3158.853,753636906.92
700001.TI,2023-11-21,3165.208,3179.452,3146.056,3151.279,871266308.71
700001.TI,2023-11-22,3141.415,3150.227,3118.311,3118.311,784937097.34
700001.TI,2023-11-23,3115.062,3141.731,3107.222,3140.716,740020276.79
700001.TI,2023-11-24,3139.379,3139.402,3106.055,3111.906,752800003.34
700001.TI,2023-11-27,3108.3,3108.841,3086.962,3103.218,752273589.6
700001.TI,2023-11-28,3099.537,3115.47,3089.388,3115.413,671213655.66
700001.TI,2023-11-29,3114.612,3115.356,3088.82,3092.754,679175401.07
700001.TI,2023-11-30,3089.486,3096.914,3070.518,3089.189,675308252.47
700001.TI,2023-12-01,3087.362,3101.334,3069.585,3095.105,712094163.7
700001.TI,2023-12-04,3095.682,3102.049,3084.827,3084.901,711346016.6
700001.TI,2023-12-05,3076.675,3076.697,3028.268,3028.268,709346677.39
700001.TI,2023-12-06,3021.819,3056.97,3019.126,3038.219,707714559.86
700001.TI,2023-12-07,3034.494,3044.221,3018.881,3033.241,700514915.85
700001.TI,2023-12-08,3033.656,3045.828,3028.667,3032.768,816099519.57
700001.TI,2023-12-11,3017.675,3062.749,2993.951,3059.43,790040862.85
700001.TI,2023-12-12,3055.063,3067.536,3052.322,3066.605,670841848.44
700001.TI,2023-12-13,3060.681,3060.681,3030.067,3030.067,661545558.79
700001.TI,2023-12-14,3042.692,3054.925,3015.961,3016.916,653124089.74
700001.TI,2023-12-15,3024.813,3035.908,2998.576,3003.221,659782953.79
700001.TI,2023-12-18,2994.664,3003.037,2970.375,2976.13,658910452.12
700001.TI,2023-12-19,2973.101,2988.891,2958.86,2979.091,594505927.53
700001.TI,2023-12-20,2982.165,2985.111,2943.561,2943.561,602808972.59
700001.TI,2023-12-21,2931.952,2973.254,2919.643,2966.081,661127118.14
700001.TI,2023-12-22,2965.127,2980.649,2940.887,2949.519,697531579.87
700001.TI,2023-12-25,2944.065,2956.897,2936.391,2952.56,549589768.6
700001.TI,2023-12-26,2951.165,2951.237,2914.387,2922.734,548305188.66
700001.TI,2023-12-27,2924.841,2941.666,2913.665,2938.026,581509442.12
700001.TI,2023-12-28,2935.192,3006.906,2930.879,2997.798,757658359.69
700001.TI,2023-12-29,2994.662,3026.978,2994.022,3026.931,693288684.29
700001.TI,2024-01-02,3026.048,3026.048,3005.037,3005.037,702704457.84
700001.TI,2024-01-03,2998.268,3007.83,2978.561,2994.881,662869187.91
700001.TI,2024-01-04,2991.593,2991.597,2958.021,2972.694,603279512.29
700001.TI,2024-01-05,2969.417,2982.707,2924.458,2937.436,674889603.05
700001.TI,2024-01-08,2931.294,2933.945,2886.695,2886.695,612161524.28
700001.TI,2024-01-09,2889.503,2911.687,2877.077,2894.468,620231519.72
700001.TI,2024-01-10,2886.313,2906.259,2860.234,2876.233,590173294.81
700001.TI,2024-01-11,2873.93,2919.543,2870.663,2909.499,652720314.86
700001.TI,2024-01-12,2902.527,2924.687,2893.562,2893.562,643282433.96
700001.TI,2024-01-15,2882.733,2911.361,2872.98,2888.82,572718319.19
700001.TI,2024-01-16,2884.876,2896.615,2855.815,2892.929,663657120.41
700001.TI,2024-01-17,2886.171,2886.171,2824.168,2824.168,605592143.19
700001.TI,2024-01-18,2809.308,2840.219,2755.592,2838.186,841586060.33
700001.TI,2024-01-19,2830.777,2845.481,2812.584,2818.63,609923998.11
700001.TI,2024-01-22,2812.64,2812.64,2697.381,2716.308,777419062.12
700001.TI,2024-01-23,2708.191,2750.056,2685.113,2737.118,692560091.64
700001.TI,2024-01-24,2748.697,2778.009,2688.73,2774.658,783138130.08
700001.TI,2024-01-25,2773.724,2848.705,2765.667,2848.146,883746130.12
700001.TI,2024-01-26,2838.674,2858.692,2825.727,2834.56,839172842.23
700001.TI,2024-01-29,2837.447,2845.628,2781.593,2781.593,811498322.95
700001.TI,2024-01-30,2763.752,2772.173,2715.487,2716.995,679072431.3
700001.TI,2024-01-31,2702.178,2719.165,2647.615,2650.862,814512067.79
700001.TI,2024-02-01,2636.352,2679.379,2610.827,2638.212,755689309.15
700001.TI,2024-02-02,2640.286,2658.208,2507.078,2574.882,901310930.44
700001.TI,2024-02-05,2556.328,2564.625,2438.466,2506.45,1022252131.52
700001.TI,2024-02-06,2477.458,2633.311,2466.575,2615.811,1102954867.81
700001.TI,2024-02-07,2619.224,2675.895,2602.073,2659.612,1172738224.11
700001.TI,2024-02-08,2667.707,2726.931,2664.589,2721.781,1163431812.5
700001.TI,2024-02-19,2752.664,2760.918,2726.457,2760.652,1021749086.05
700001.TI,2024-02-20,2751.266,2777.148,2733.94,2772.742,798799690.0
700001.TI,2024-02-21,2752.543,2850.203,2743.462,2801.882,995139055.05
700001.TI,2024-02-22,2798.635,2836.107,2795.812,2836.107,818269300.59
700001.TI,2024-02-23,2843.253,2863.95,2825.212,2861.964,906530458.31
700001.TI,2024-02-26,2863.154,2888.165,2846.619,2858.657,973411244.05
700001.TI,2024-02-27,2847.867,2913.869,2841.647,2913.869,915883012.65
700001.TI,2024-02-28,2918.445,2943.853,2827.06,2827.06,1321271047.11
700001.TI,2024-02-29,2810.576,2905.891,2810.576,2905.891,982761960.24
700001.TI,2024-03-01,2908.587,2934.583,2895.296,2929.747,925952077.59
700001.TI,2024-03-04,2932.861,2939.648,2901.788,2936.643,923975888.44
700001.TI,2024-03-05,2920.143,2937.036,2911.928,2929.239,900125815.54
700001.TI,2024-03-06,2918.941,2953.783,2908.347,2930.586,812404677.63
700001.TI,2024-03-07,2931.995,2950.657,2903.498,2903.617,893762465.87
700001.TI,2024-03-08,2904.479,2933.049,2891.44,2928.632,758712251.46
700001.TI,2024-03-11,2926.571,2974.655,2926.571,2974.655,858306846.16
700001.TI,2024-03-12,2978.458,2993.575,2960.471,2985.349,985823950.56
700001.TI,2024-03-13,2985.058,2997.462,2964.154,2978.101,896662334.94
700001.TI,2024-03-14,2976.781,2994.569,2942.763,2964.625,877440487.75
700001.TI,2024-03-15,2957.465,2987.581,2947.426,2986.933,844400403.08
700001.TI,2024-03-18,2995.241,3027.232,2994.115,3027.232,974860123.5
700001.TI,2024-03-19,3019.572,3034.879,3007.356,3007.356,923795724.47
700001.TI,2024-03-20,3001.377,3024.858,3001.377,3023.266,864491971.45
700001.TI,2024-03-21,3029.663,3035.848,3009.206,3020.406,930301578.5
700001.TI,2024-03-22,3012.767,3016.511,2965.426,2986.124,964075998.76
700001.TI,2024-03-25,2978.061,2996.972,2943.597,2943.597,918498895.45
700001.TI,2024-03-26,2941.094,2956.908,2918.229,2946.88,834249742.97
700001.TI,2024-03-27,2941.907,2941.969,2883.246,2883.246,815219553.08
700001.TI,2024-03-28,2879.785,2945.739,2879.785,2920.073,837130041.8
700001.TI,2024-03-29,2918.108,2943.892,2914.229,2943.892,788548901.57
700001.TI,2024-04-01,2955.13,2999.605,2955.117,2999.605,895445676.22
700001.TI,2024-04-02,2997.987,2997.987,2975.103,2987.347,901196542.18
700001.TI,2024-04-03,2983.099,2985.441,2959.971,2972.703,860197509.91
700001.TI,2024-04-08,2962.22,2967.776,2931.044,2931.106,886793880.52
700001.TI,2024-04-09,2927.92,2947.056,2920.469,2946.639,748979891.2
700001.TI,2024-04-10,2941.975,2941.98,2890.689,2907.67,798499597.08
700001.TI,2024-04-11,2889.675,2933.932,2887.737,2911.608,763198865.76
700001.TI,2024-04-12,2912.389,2923.525,2886.789,2891.031,753819019.09
700001.TI,2024-04-15,2884.201,2918.39,2849.49,2899.365,1009721745.68
700001.TI,2024-04-16,2881.414,2887.506,2813.042,2814.268,986831589.96
700001.TI,2024-04-17,2822.74,2900.298,2822.74,2900.298,926612434.47
700001.TI,2024-04-18,2891.08,2929.971,2881.829,2901.756,904251185.87
700001.TI,2024-04-19,2886.087,2904.629,2868.217,2882.375,819207212.32
700001.TI,2024-04-22,2872.004,2895.376,2860.809,2868.516,776822736.74
700001.TI,2024-04-23,2864.628,2874.415,2849.097,2855.312,725344483.82
700001.TI,2024-04-24,2858.772,2884.554,2851.87,2884.554,728348816.02
700001.TI,2024-04-25,2874.312,2905.676,2872.206,2890.203,716696587.8
700001.TI,2024-04-26,2889.038,2941.486,2889.03,2938.965,985131674.63
700001.TI,2024-04-29,2940.374,2998.223,2940.374,2991.497,1094504642.4
700001.TI,2024-04-30,2989.131,2993.852,2972.793,2974.34,970885508.52
700001.TI,2024-05-06,3010.507,3027.038,3009.386,3024.789,981556799.3
700001.TI,2024-05-07,3024.171,3033.113,3016.87,3029.743,880149842.27
700001.TI,2024-05-08,3021.91,3021.91,2995.061,2997.12,800963522.24
700001.TI,2024-05-09,2997.03,3038.514,2997.03,3034.172,818397311.91
700001.TI,2024-05-10,3037.6,3041.371,3006.493,3022.2,860534859.35
700001.TI,2024-05-13,3003.534,3016.077,2985.89,3003.935,849674429.1
700001.TI,2024-05-14,3006.43,3020.764,2997.627,3008.075,775530215.3
700001.TI,2024-05-15,3004.123,3005.309,2981.086,2983.155,742475932.09
700001.TI,2024-05-16,2990.946,3007.443,2982.632,2989.676,829405116.38
700001.TI,2024-05-17,2988.648,3024.015,2983.417,3024.015,871332287.24
700001.TI,2024-05-20,3026.078,3043.473,3025.408,3037.397,954819061.11
700001.TI,2024-05-21,3031.124,3031.554,3008.517,3017.957,782855210.61
700001.TI,2024-05-22,3016.924,3028.404,3013.7,3023.838,795826404.28
700001.TI,2024-05-23,3014.045,3014.082,2969.469,2975.522,830502784.13
700001.TI,2024-05-24,2968.401,2987.875,2943.813,2944.413,725849490.04
700001.TI,2024-05-27,2948.945,2973.121,2932.658,2972.244,735374696.91
700001.TI,2024-05-28,2968.084,2973.509,2944.437,2947.159,721426515.94
700001.TI,2024-05-29,2944.687,2966.773,2940.584,2951.701,694842016.54
700001.TI,2024-05-30,2945.495,2960.564,2932.026,2937.696,701466790.82
700001.TI,2024-05-31,2940.5,2958.153,2938.575,2938.575,675138971.93
700001.TI,2024-06-03,2936.608,2943.72,2904.634,2923.111,807552848.47
700001.TI,2024-06-04,2915.852,2941.987,2903.079,2937.502,727685883.78
700001.TI,2024-06-05,2931.298,2940.591,2907.257,2907.257,685100732.13
700001.TI,2024-06-06,2912.646,2920.879,2865.115,2873.024,869924923.06
700001.TI,2024-06-07,2883.716,2897.949,2852.749,2876.672,710074641.06
700001.TI,2024-06-11,2863.324,2878.852,2847.325,2873.001,665971299.06
700001.TI,2024-06-12,2869.69,2890.427,2868.999,2885.08,638753877.63
700001.TI,2024-06-13,2887.881,2888.675,2865.876,2870.823,676313216.42
700001.TI,2024-06-14,2865.028,2884.461,2857.31,2880.74,743666378.04
700001.TI,2024-06-17,2866.655,2882.309,2864.547,2876.395,655677912.2
700001.TI,2024-06-18,2875.758,2895.882,2875.758,2894.176,662049993.64
700001.TI,2024-06-19,2897.002,2897.414,2875.23,2876.683,628134820.05
700001.TI,2024-06-20,2873.384,2882.266,2838.977,2840.733,684290848.95
700001.TI,2024-06-21,2833.682,2850.187,2823.969,2838.117,583006827.13
700001.TI,2024-06-24,2820.75,2822.579,2785.702,2787.076,676960360.45
700001.TI,2024-06-25,2786.039,2796.332,2755.147,2771.171,622955557.9
700001.TI,2024-06-26,2767.383,2816.277,2758.338,2813.173,655333370.69
700001.TI,2024-06-27,2803.433,2803.433,2775.709,2775.709,623350428.45
700001.TI,2024-06-28,2769.695,2814.431,2769.695,2787.479,687599915.02
700001.TI,2024-07-01,2785.631,2811.444,2770.353,2808.046,648376512.72
700001.TI,2024-07-02,2805.383,2815.126,2790.637,2798.139,654211599.49
700001.TI,2024-07-03,2796.866,2798.464,2778.799,2783.085,592528337.38
700001.TI,2024-07-04,2786.243,2794.827,2745.285,2746.813,629163148.36
700001.TI,2024-07-05,2744.518,2760.044,2720.639,2754.298,591054427.89
700001.TI,2024-07-08,2747.952,2747.953,2706.834,2712.93,610373107.83
700001.TI,2024-07-09,2710.551,2761.949,2692.119,2756.209,714278148.91
700001.TI,2024-07-10,2746.563,2766.153,2740.694,2744.959,658895371.22
700001.TI,2024-07-11,2775.401,2798.318,2765.206,2797.515,755570531.02
700001.TI,2024-07-12,2793.766,2805.089,2789.867,2797.297,673688810.21
700001.TI,2024-07-15,2790.048,2793.056,2778.277,2783.373,603379069.92
700001.TI,2024-07-16,2778.766,2798.156,2773.845,2797.082,590926652.72
700001.TI,2024-07-17,2794.656,2798.322,2780.095,2784.857,633513421.05
700001.TI,2024-07-18,2768.438,2796.428,2753.045,2796.095,628785720.63
700001.TI,2024-07-19,2782.729,2812.795,2779.918,2807.14,604421959.43
700001.TI,2024-07-22,2806.818,2809.544,2784.332,2800.648,600930783.32
700001.TI,2024-07-23,2798.391,2798.391,2736.478,2736.478,652619760.5
700001.TI,2024-07-24,2729.5,2744.361,2703.407,2708.782,654112573.76
700001.TI,2024-07-25,2695.925,2717.052,2688.298,2702.928,588766857.69
700001.TI,2024-07-26,2708.244,2734.408,2708.244,2729.824,611556840.84
700001.TI,2024-07-29,2729.942,2731.431,2717.812,2721.218,585224960.13
700001.TI,2024-07-30,2714.198,2720.768,2697.968,2716.374,608331679.65
700001.TI,2024-07-31,2712.954,2796.207,2712.406,2795.66,906595825.46
700001.TI,2024-08-01,2797.689,2808.167,2778.175,2784.17,778651425.51
700001.TI,2024-08-02,2763.647,2788.602,2748.659,2751.3,734711388.54
700001.TI,2024-08-05,2732.608,2773.566,2700.838,2700.838,815927869.89
700001.TI,2024-08-06,2723.911,2735.45,2697.281,2721.122,700186070.78
700001.TI,2024-08-07,2717.722,2736.457,2711.274,2720.692,620753924.0
700001.TI,2024-08-08,2712.164,2737.69,2694.327,2719.013,681693654.13
700001.TI,2024-08-09,2730.824,2741.034,2705.244,2705.244,657694830.55
700001.TI,2024-08-12,2702.123,2708.79,2688.638,2695.38,585313125.26
700001.TI,2024-08-13,2695.19,2706.521,2681.038,2706.521,543271519.52
700001.TI,2024-08-14,2705.87,2705.87,2684.607,2684.607,531306537.15
700001.TI,2024-08-15,2678.158,2725.328,2675.527,2709.341,676624949.26
700001.TI,2024-08-16,2711.233,2719.943,2701.304,2704.709,663183790.4
700001.TI,2024-08-19,2701.768,2728.741,2701.768,2708.378,637649502.88
700001.TI,2024-08-20,2709.674,2710.516,2668.033,2675.881,650666964.43
700001.TI,2024-08-21,2667.529,2679.834,2663.623,2666.571,575355508.38
700001.TI,2024-08-22,2667.117,2670.596,2642.736,2645.431,609170915.42
700001.TI,2024-08-23,2639.71,2658.286,2634.527,2650.153,572198534.45
700001.TI,2024-08-26,2652.498,2660.762,2646.761,2657.044,571337786.9
700001.TI,2024-08-27,2649.578,2649.578,2627.878,2632.269,569443025.68
700001.TI,2024-08-28,2627.025,2639.487,2622.009,2628.53,559177395.38
700001.TI,2024-08-29,2618.043,2650.906,2615.484,2642.803,655889129.67
700001.TI,2024-08-30,2640.783,2714.092,2640.783,2685.406,920998992.51
700001.TI,2024-09-02,2678.642,2681.384,2637.756,2637.805,775798723.69
700001.TI,2024-09-03,2635.519,2662.108,2635.519,2654.443,647217645.35
700001.TI,2024-09-04,2637.887,2659.054,2634.5,2638.864,621166606.28
700001.TI,2024-09-05,2639.907,2660.384,2639.907,2650.693,590884791.2
700001.TI,2024-09-06,2653.049,2657.308,2618.214,2618.465,618667094.45
700001.TI,2024-09-09,2605.974,2612.345,2584.984,2595.554,593499688.84
700001.TI,2024-09-10,2596.926,2609.758,2568.422,2600.945,610896135.28
700001.TI,2024-09-11,2592.052,2604.516,2584.349,2594.864,553378774.22
700001.TI,2024-09-12,2597.413,2614.454,2585.568,2585.652,578091376.46
700001.TI,2024-09-13,2587.277,2593.642,2565.488,2565.488,603033295.77
700001.TI,2024-09-18,2565.129,2575.025,2540.164,2567.232,583295073.92
700001.TI,2024-09-19,2575.598,2616.954,2557.363,2600.607,731021779.25
700001.TI,2024-09-20,2598.807,2602.271,2580.447,2598.336,670658829.7
700001.TI,2024-09-23,2597.253,2618.66,2591.589,2604.262,624766087.01
700001.TI,2024-09-24,2623.199,2709.561,2609.32,2709.561,1067176261.64
700001.TI,2024-09-25,2743.906,2801.145,2739.008,2744.682,1287714000.05
700001.TI,2024-09-26,2741.265,2855.18,2737.62,2855.18,1284257054.25
700001.TI,2024-09-27,2907.534,3003.031,2897.789,2992.88,1449800024.0
700001.TI,2024-09-30,3118.435,3299.235,3075.765,3284.43,2441620177.06
700001.TI,2024-10-08,3669.904,3669.904,3355.794,3520.7,2921927293.58
700001.TI,2024-10-09,3437.02,3461.084,3247.025,3256.422,2283902629.24
700001.TI,2024-10-10,3278.505,3357.529,3202.553,3262.045,1809961470.56
700001.TI,2024-10-11,3238.172,3238.172,3118.155,3152.413,1383274188.22
700001.TI,2024-10-14,3173.149,3241.636,3129.133,3233.664,1409065808.36
700001.TI,2024-10-15,3216.84,3258.354,3160.959,3160.959,1378136474.91
700001.TI,2024-10-16,3117.779,3192.923,3117.771,3154.657,1226447689.06
700001.TI,2024-10-17,3174.775,3200.779,3130.985,3131.204,1306677028.16
700001.TI,2024-10-18,3125.467,3313.994,3121.882,3250.067,1666950157.27
700001.TI,2024-10-21,3271.289,3327.685,3243.974,3286.702,1659421799.89
700001.TI,2024-10-22,3283.239,3323.51,3270.353,3308.009,1529865635.78
700001.TI,2024-10-23,3303.696,3359.221,3293.348,3319.789,1592868904.26
700001.TI,2024-10-24,3302.333,3310.903,3280.702,3294.598,1293004062.75
700001.TI,2024-10-25,3300.392,3364.847,3300.392,3337.999,1492644912.37
700001.TI,2024-10-28,3340.864,3376.762,3324.522,3376.762,1653168554.37
700001.TI,2024-10-29,3387.13,3395.986,3335.403,3336.327,1785101712.5
700001.TI,2024-10-30,3319.968,3351.341,3301.27,3331.223,1625056605.01
700001.TI,2024-10-31,3333.884,3376.752,3318.568,3357.616,1910348081.91
700001.TI,2024-11-01,3350.721,3366.63,3298.351,3306.447,2056447833.0
700001.TI,2024-11-04,3305.008,3362.741,3305.008,3362.741,1508059291.26
700001.TI,2024-11-05,3360.99,3465.14,3355.24,3462.61,1923400000.0
700001.TI,2024-11-06,3473.78,3512.45,3445.64,3466.29,2141440000.0
700001.TI,2024-11-07,3437.28,3554.61,3433.07,3554.61,2211430000.0
700001.TI,2024-11-08,3593.56,3604.78,3532.34,3541.11,2241660000.0
700001.TI,2024-11-11,3521.9,3592.79,3519.46,3592.32,1957030000.0
700001.TI,2024-11-12,3597.54,3621.22,3522.24,3550.91,1973120000.0
700001.TI,2024-11-13,3530.09,3562.95,3504.35,3560.91,1600010000.0
700001.TI,2024-11-14,3551.33,3558.46,3470.72,3474.86,1484170000.0
700001.TI,2024-11-15,3461.18,3489.61,3402.46,3402.46,1489320000.0
700001.TI,2024-11-18,3414.77,3432.27,3335.9,3354.2,1633590000.0
700001.TI,2024-11-19,3356.3,3406.52,3318.94,3406.52,1414490000.0
700001.TI,2024-11-20,3397.24,3454.0,3393.33,3443.71,1399910000.0
700001.TI,2024-11-21,3437.08,3460.27,3421.65,3448.27,1369410000.0
700001.TI,2024-11-22,3441.22,3450.71,3331.55,3331.55,1576460000.0
700001.TI,2024-11-25,3338.68,3349.66,3289.39,3333.78,1324070000.0
700001.TI,2024-11-26,3325.26,3353.37,3310.34,3311.67,1198390000.0
700001.TI,2024-11-27,3296.62,3373.23,3264.65,3373.23,1321090000.0
700001.TI,2024-11-28,3373.24,3387.8,3350.24,3355.56,1379800000.0
700001.TI,2024-11-29,3349.77,3435.09,3345.86,3403.31,1489450000.0
700001.TI,2024-12-02,3402.68,3460.04,3400.55,3454.49,1624380000.0
700001.TI,2024-12-03,3456.84,3470.73,3428.82,3457.09,1621260000.0
700001.TI,2024-12-04,3453.88,3461.99,3410.62,3424.23,1567160000.0
700001.TI,2024-12-05,3411.63,3449.34,3411.62,3441.45,1400580000.0
700001.TI,2024-12-06,3444.8,3499.2,3431.06,3481.89,1740850000.0
700001.TI,2024-12-09,3480.31,3496.07,3447.89,3469.37,1663280000.0
700001.TI,2024-12-10,3577.0,3581.1,3490.25,3495.69,1978620000.0
700001.TI,2024-12-11,3485.98,3518.05,3485.98,3515.57,1704010000.0
700001.TI,2024-12-12,3515.2,3549.78,3501.67,3547.85,1750560000.0
700001.TI,2024-12-13,3524.89,3524.89,3473.51,3474.56,1863070000.0
700001.TI,2024-12-16,3473.37,3479.16,3434.94,3447.4,1556480000.0
700001.TI,2024-12-17,3440.81,3451.81,3398.76,3402.71,1434340000.0
700001.TI,2024-12-18,3409.72,3442.58,3400.85,3423.99,1260710000.0
700001.TI,2024-12-19,3391.52,3435.48,3384.83,3427.34,1285740000.0
700001.TI,2024-12-20,3421.74,3462.38,3421.74,3437.39,1231620000.0
700001.TI,2024-12-23,3435.43,3442.18,3377.95,3381.57,1359390000.0
700001.TI,2024-12-24,3385.57,3420.59,3379.74,3420.48,1143050000.0
700001.TI,2024-12-25,3420.07,3420.86,3371.19,3393.39,1145870000.0
700001.TI,2024-12-26,3388.35,3421.81,3385.24,3413.35,1022490000.0
700001.TI,2024-12-27,3414.4,3450.12,3408.43,3417.54,1187090000.0
700001.TI,2024-12-30,3412.02,3426.07,3399.2,3414.5,1064810000.0
700001.TI,2024-12-31,3414.82,3419.25,3338.34,3338.34,1151060000.0
700001.TI,2025-01-02,3334.2,3337.13,3225.75,3250.48,1244780000.0
700001.TI,2025-01-03,3255.6,3262.93,3175.48,3178.86,1205680000.0
700001.TI,2025-01-06,3174.46,3195.83,3147.59,3169.29,1021200000.0
700001.TI,2025-01-07,3166.83,3211.38,3160.31,3210.67,1002520000.0
700001.TI,2025-01-08,3197.79,3225.61,3135.47,3205.8,1162190000.0
700001.TI,2025-01-09,3193.74,3222.67,3190.92,3205.74,993334000.0
700001.TI,2025-01-10,3202.87,3219.81,3148.25,3148.25,1022800000.0
700001.TI,2025-01-13,3118.47,3163.79,3116.82,3146.16,879777000.0
700001.TI,2025-01-14,3154.9,3261.39,3149.66,3258.9,1167760000.0
700001.TI,2025-01-15,3253.65,3260.99,3232.55,3239.3,1042150000.0
700001.TI,2025-01-16,3254.45,3293.69,3226.48,3250.74,1118890000.0
700001.TI,2025-01-17,3239.08,3280.83,3234.08,3261.58,966672000.0
700001.TI,2025-01-20,3282.05,3304.19,3271.64,3280.98,997036000.0
700001.TI,2025-01-21,3297.51,3299.29,3263.49,3286.58,987428000.0
700001.TI,2025-01-22,3274.61,3274.64,3245.15,3256.12,902774000.0
700001.TI,2025-01-23,3286.45,3320.13,3254.09,3254.09,1111160000.0
700001.TI,2025-01-24,3246.08,3293.96,3246.08,3290.21,992873000.0
700001.TI,2025-01-27,3295.69,3307.02,3261.5,3261.5,923661000.0
700001.TI,2025-02-05,3288.29,3289.57,3254.48,3266.42,993947000.0
700001.TI,2025-02-06,3261.16,3329.8,3257.85,3329.69,1180150000.0
700001.TI,2025-02-07,3330.93,3404.38,3326.4,3377.23,1502270000.0
700001.TI,2025-02-10,3385.53,3409.84,3372.96,3408.41,1375810000.0
700001.TI,2025-02-11,3410.02,3410.02,3380.83,3394.41,1300240000.0
700001.TI,2025-02-12,3386.32,3434.86,3384.99,3434.86,1290480000.0
700001.TI,2025-02-13,3432.59,3446.43,3409.66,3412.06,1422430000.0
700001.TI,2025-02-14,3406.39,3437.27,3403.07,3433.97,1330830000.0
700001.TI,2025-02-17,3449.47,3457.78,3425.82,3452.17,1469000000.0
700001.TI,2025-02-18,3446.22,3453.84,3384.76,3396.02,1416960000.0
700001.TI,2025-02-19,3391.7,3448.39,3391.7,3448.16,1265260000.0
700001.TI,2025-02-20,3445.84,3464.58,3436.53,3457.0,1301600000.0
700001.TI,2025-02-21,3463.92,3506.41,3448.37,3504.79,1530410000.0
700001.TI,2025-02-24,3501.54,3518.15,3479.66,3502.99,1495770000.0
700001.TI,2025-02-25,3461.93,3504.96,3457.57,3474.53,1352910000.0
700001.TI,2025-02-26,3481.58,3513.93,3479.91,3513.93,1409210000.0
700001.TI,2025-02-27,3514.41,3525.79,3467.38,3511.5,1486680000.0
700001.TI,2025-02-28,3494.13,3496.63,3410.34,3415.78,1410230000.0
700001.TI,2025-03-03,3425.15,3464.53,3403.12,3420.55,1244620000.0
700001.TI,2025-03-04,3396.58,3443.17,3395.31,3441.6,1084160000.0
700001.TI,2025-03-05,3442.64,3458.7,3423.87,3458.2,1151170000.0
700001.TI,2025-03-06,3475.78,3522.02,3474.31,3514.41,1379930000.0
700001.TI,2025-03-07,3503.26,3524.54,3485.18,3499.24,1355960000.0
700001.TI,2025-03-10,3502.85,3510.89,3473.47,3497.81,1141540000.0
700001.TI,2025-03-11,3457.8,3510.73,3456.65,3510.73,1133840000.0
700001.TI,2025-03-12,3521.55,3537.75,3507.4,3510.82,1276190000.0
700001.TI,2025-03-13,3507.28,3515.45,3456.84,3479.93,1266800000.0
700001.TI,2025-03-14,3482.09,3550.94,3479.44,3550.94,1361530000.0
700001.TI,2025-03-17,3562.38,3567.95,3550.07,3555.51,1237890000.0
700001.TI,2025-03-18,3566.33,3576.7,3554.23,3568.09,1144610000.0
700001.TI,2025-03-19,3560.8,3572.86,3542.47,3556.58,1116520000.0
700001.TI,2025-03-20,3553.89,3560.82,3531.6,3535.0,1127100000.0
700001.TI,2025-03-21,3523.88,3535.14,3466.47,3475.88,1271630000.0
700001.TI,2025-03-24,3475.49,3481.29,3421.3,3466.67,1255910000.0
700001.TI,2025-03-25,3465.49,3474.95,3443.06,3453.58,1072460000.0
700001.TI,2025-03-26,3447.61,3474.25,3447.61,3457.69,1003150000.0
700001.TI,2025-03-27,3448.93,3483.93,3428.43,3458.39,999590000.0
700001.TI,2025-03-28,3455.38,3463.01,3427.41,3430.68,973498000.0
700001.TI,2025-03-31,3415.06,3427.15,3372.91,3401.24,1047750000.0
700001.TI,2025-04-01,3407.73,3431.99,3406.59,3413.52,936395000.0
700001.TI,2025-04-02,3409.66,3434.52,3408.67,3416.23,816116000.0
700001.TI,2025-04-03,3379.67,3418.36,3373.37,3388.52,931677000.0
700001.TI,2025-04-07,3202.0,3228.86,3025.77,3073.16,1407290000.0
700001.TI,2025-04-08,3068.14,3118.2,3054.52,3104.34,1496160000.0
700001.TI,2025-04-09,3058.92,3167.68,2993.09,3158.13,1577830000.0
700001.TI,2025-04-10,3213.96,3250.76,3198.24,3218.82,1412390000.0
700001.TI,2025-04-11,3205.17,3263.8,3202.7,3242.38,1132780000.0
700001.TI,2025-04-14,3271.25,3289.94,3262.31,3271.4,1117260000.0
700001.TI,2025-04-15,3270.97,3273.69,3248.51,3268.28,955255000.0
700001.TI,2025-04-16,3262.09,3262.09,3208.68,3251.0,997658000.0
700001.TI,2025-04-17,3234.34,3270.68,3232.44,3255.2,889083000.0
700001.TI,2025-04-18,3248.1,3261.78,3236.42,3255.3,860228000.0
700001.TI,2025-04-21,3251.15,3293.64,3243.05,3292.14,926859000.0
700001.TI,2025-04-22,3289.35,3304.34,3286.22,3290.51,987099000.0
700001.TI,2025-04-23,3305.44,3314.78,3293.89,3301.96,1046760000.0
700001.TI,2025-04-24,3300.58,3313.17,3274.98,3286.05,985245000.0
700001.TI,2025-04-25,3290.93,3309.7,3282.5,3292.44,1002800000.0
700001.TI,2025-04-28,3290.35,3290.35,3268.53,3272.69,976461000.0
700001.TI,2025-04-29,3264.36,3287.51,3259.66,3279.4,906248000.0
700001.TI,2025-04-30,3281.79,3301.07,3280.19,3293.18,1005360000.0
700001.TI,2025-05-06,3314.8,3351.64,3312.04,3351.64,1120880000.0
700001.TI,2025-05-07,3393.55,3399.14,3347.41,3368.8,1237220000.0
700001.TI,2025-05-08,3358.48,3397.45,3354.73,3391.87,1079800000.0
700001.TI,2025-05-09,3389.14,3389.14,3358.14,3368.49,1012350000.0
700001.TI,2025-05-12,3388.21,3411.97,3383.31,3411.97,1027190000.0
700001.TI,2025-05-13,3437.61,3437.62,3405.57,3409.74,1054530000.0
700001.TI,2025-05-14,3407.76,3450.17,3398.8,3433.31,1102220000.0
700001.TI,2025-05-15,3426.41,3426.47,3392.86,3394.09,1012950000.0
700001.TI,2025-05-16,3386.16,3401.43,3383.53,3392.91,952323000.0
700001.TI,2025-05-19,3392.88,3403.05,3371.98,3398.77,971138000.0
700001.TI,2025-05-20,3402.83,3428.19,3396.37,3421.9,1023650000.0
700001.TI,2025-05-21,3420.11,3432.44,3417.5,3424.82,1010060000.0
700001.TI,2025-05-22,3417.61,3427.38,3400.57,3403.38,967865000.0
700001.TI,2025-05-23,3400.23,3423.97,3371.77,3371.77,974125000.0
700001.TI,2025-05-26,3369.24,3387.73,3358.16,3376.32,842799000.0
700001.TI,2025-05-27,3373.93,3374.1,3354.48,3366.41,854339000.0
700001.TI,2025-05-28,3368.55,3374.45,3355.1,3359.53,889124000.0
700001.TI,2025-05-29,3359.2,3401.82,3358.59,3399.1,1018850000.0
700001.TI,2025-05-30,3391.93,3392.61,3369.86,3371.08,993083000.0
700001.TI,2025-06-03,3361.89,3393.26,3361.89,3388.73,969015000.0
700001.TI,2025-06-04,3391.21,3415.3,3391.21,3412.93,985295000.0
700001.TI,2025-06-05,3415.6,3431.66,3405.37,3427.27,1046430000.0
700001.TI,2025-06-06,3428.04,3432.44,3418.91,3425.67,954130000.0
700001.TI,2025-06-09,3430.62,3454.8,3428.35,3451.45,1054150000.0
700001.TI,2025-06-10,3453.34,3453.78,3402.6,3427.91,1208990000.0
700001.TI,2025-06-11,3431.07,3463.55,3431.07,3450.26,1053870000.0
700001.TI,2025-06-12,3444.37,3459.75,3437.63,3454.62,1028430000.0
700001.TI,2025-06-13,3445.56,3449.4,3409.62,3416.46,1224500000.0
700001.TI,2025-06-16,3407.03,3435.33,3407.03,3434.91,985772000.0
700001.TI,2025-06-17,3438.04,3444.33,3422.9,3431.43,999828000.0
700001.TI,2025-06-18,3427.98,3434.09,3412.94,3431.42,979676000.0
700001.TI,2025-06-19,3426.21,3431.79,3382.28,3390.12,1038880000.0
700001.TI,2025-06-20,3387.88,3402.49,3378.29,3379.88,877050000.0
700001.TI,2025-06-23,3363.92,3414.01,3363.92,3408.83,933038000.0
700001.TI,2025-06-24,3412.55,3461.57,3412.55,3461.57,1141880000.0
700001.TI,2025-06-25,3466.81,3511.55,3462.74,3509.61,1246490000.0
700001.TI,2025-06-26,3508.25,3523.05,3498.62,3499.62,1234240000.0
700001.TI,2025-06-27,3507.19,3529.24,3497.18,3499.64,1235790000.0
700001.TI,2025-06-30,3505.53,3532.73,3504.29,3530.71,1145630000.0
700001.TI,2025-07-01,3532.01,3541.86,3518.61,3540.44,1152030000.0
700001.TI,2025-07-02,3537.0,3537.0,3518.28,3526.71,1188510000.0
700001.TI,2025-07-03,3528.891,3551.001,3527.157,3548.298,1087459693.0
700001.TI,2025-07-04,3547.718,3575.362,3532.229,3543.581,1178733147.0
700001.TI,2025-07-07,3539.388,3546.107,3535.136,3542.799,1023434477.0
700001.TI,2025-07-08,3542.981,3582.078,3542.981,3580.672,1166862053.0
700001.TI,2025-07-09,3582.038,3596.073,3567.824,3574.189,1235937799.0
700001.TI,2025-07-10,3574.201,3602.638,3570.37,3587.917,1275664393.0
700001.TI,2025-07-11,3591.779,3629.637,3583.663,3603.824,1417850694.0
700001.TI,2025-07-14,3607.84,3617.27,3605.688,3609.849,1228760573.0
700001.TI,2025-07-15,3609.488,3621.324,3574.776,3602.303,1308729593.0
700001.TI,2025-07-16,3602.884,3618.867,3590.923,3604.188,1078341794.0
700001.TI,2025-07-17,3603.9,3637.756,3603.125,3637.756,1105622977.0
700001.TI,2025-07-18,3645.235,3655.443,3638.76,3653.619,1139238324.0
700001.TI,2025-07-21,3661.892,3687.366,3660.215,3686.854,1365704604.0
700001.TI,2025-07-22,3689.093,3709.766,3674.913,3709.068,1506077993.0
700001.TI,2025-07-23,3713.126,3731.27,3693.93,3698.884,1545160520.0
700001.TI,2025-07-24,3697.239,3738.291,3697.214,3738.291,1521143521.0
700001.TI,2025-07-25,3739.456,3742.906,3722.715,3733.49,1427920208.0
700001.TI,2025-07-28,3735.944,3749.155,3722.597,3746.675,1284620492.0
700001.TI,2025-07-29,3743.106,3763.461,3725.376,3763.308,1306655600.0
700001.TI,2025-07-30,3757.884,3775.229,3722.104,3747.937,1359474991.0
700001.TI,2025-07-31,3739.596,3746.37,3685.745,3696.979,1406044638.0
700001.TI,2025-08-01,3694.332,3710.798,3674.265,3692.138,1142726098.0
700001.TI,2025-08-04,3675.781,3720.14,3674.73,3720.14,1054808403.0
700001.TI,2025-08-05,3728.18,3749.532,3726.608,3749.532,1145566717.0
700001.TI,2025-08-06,3747.024,3772.564,3745.321,3772.463,1218010681.0
700001.TI,2025-08-07,3775.693,3781.52,3752.682,3772.362,1257107109.0
700001.TI,2025-08-08,3766.212,3776.969,3755.358,3764.144,1217486530.0
700001.TI,2025-08-11,3769.831,3807.703,3769.831,3801.07,1273692599.0
700001.TI,2025-08-12,3801.458,3814.132,3790.056,3814.012,1254206099.0
700001.TI,2025-08-13,3818.491,3855.194,3818.479,3852.666,1417144134.0
700001.TI,2025-08-14,3855.615,3868.691,3813.73,3819.869,1525249963.0
700001.TI,2025-08-15,3811.906,3878.74,3811.906,3874.731,1487069521.0
700001.TI,2025-08-18,3893.861,3950.117,3885.187,3928.812,1794291120.0
700001.TI,2025-08-19,3929.548,3951.284,3915.713,3926.531,1657621846.0
700001.TI,2025-08-20,3911.204,3964.681,3896.599,3964.681,1587266741.0
700001.TI,2025-08-21,3973.486,3986.472,3942.6,3959.576,1619493545.0
700001.TI,2025-08-22,3958.982,4024.827,3958.982,4024.827,1600291497.0
700001.TI,2025-08-25,4056.296,4102.444,4047.964,4097.115,1968140386.0
700001.TI,2025-08-26,4084.018,4116.802,4071.868,4093.113,1713003348.0
700001.TI,2025-08-27,4097.158,4132.353,4021.257,4021.257,2014320835.0
700001.TI,2025-08-28,4015.662,4084.646,3973.558,4084.646,1860378581.0
700001.TI,2025-08-29,4084.512,4121.047,4072.168,4099.774,1651677098.0
700001.TI,2025-09-01,4118.213,4132.229,4095.782,4132.229,1664712174.0
700001.TI,2025-09-02,4131.395,4132.337,4038.949,4070.907,1769081241.0
700001.TI,2025-09-03,4081.923,4088.296,4004.408,4022.426,1515035829.0
700001.TI,2025-09-04,4026.744,4036.078,3894.488,3940.935,1625404764.0
700001.TI,2025-09-05,3943.929,4045.086,3927.123,4042.732,1460477535.0
700001.TI,2025-09-08,4050.265,4075.864,4032.049,4071.269,1499359182.0
700001.TI,2025-09-09,4055.92,4072.469,4016.134,4034.921,1371715794.0
700001.TI,2025-09-10,4031.925,4061.386,4013.197,4043.684,1261375010.0
700001.TI,2025-09-11,4037.953,4135.071,4018.755,4135.071,1462617700.0
700001.TI,2025-09-12,4133.671,4157.947,4120.297,4128.522,1579188959.0
700001.TI,2025-09-15,4139.424,4153.195,4128.65,4132.631,1453658526.0
700001.TI,2025-09-16,4138.863,4155.404,4105.098,4152.255,1573252658.0
700001.TI,2025-09-17,4149.079,4185.519,4140.449,4180.63,1527134592.0
700001.TI,2025-09-18,4176.491,4215.518,4092.502,4135.106,1962435603.0
700001.TI,2025-09-19,4134.688,4150.706,4108.082,4121.957,1512088132.0
700001.TI,2025-09-22,4129.916,4143.26,4106.211,4143.26,1299214833.0
700001.TI,2025-09-23,4151.35,4152.527,4050.202,4117.343,1572244190.0
700001.TI,2025-09-24,4096.448,4175.723,4091.487,4175.723,1337588147.0
700001.TI,2025-09-25,4172.735,4203.399,4170.133,4183.222,1336598372.0
700001.TI,2025-09-26,4167.276,4183.363,4132.831,4132.831,1251583350.0
700001.TI,2025-09-29,4138.39,4205.452,4123.604,4189.472,1289391957.0
700001.TI,2025-09-30,4201.201,4223.181,4197.018,4215.559,1232876294.0
700001.TI,2025-10-09,4238.523,4281.73,4228.162,4270.707,1528168167.0
700001.TI,2025-10-10,4249.694,4255.356,4187.406,4200.043,1505048113.0
700001.TI,2025-10-13,4061.645,4192.533,4061.645,4185.452,1459235776.0
700001.TI,2025-10-14,4218.592,4229.734,4102.756,4118.633,1589245022.0
700001.TI,2025-10-15,4124.021,4180.616,4100.566,4180.072,1316201085.0
700001.TI,2025-10-16,4167.304,4192.915,4148.679,4161.928,1232114005.0
700001.TI,2025-10-17,4157.38,4167.78,4052.082,4055.59,1289960411.0
700001.TI,2025-10-20,4096.977,4112.61,4067.431,4087.308,1136782049.0
700001.TI,2025-10-21,4100.514,4155.268,4093.303,4153.375,1242300903.0
700001.TI,2025-10-22,4129.147,4153.549,4120.111,4137.843,1143861331.0
700001.TI,2025-10-23,4126.4,4148.5,4085.337,4143.795,1185545680.0
700001.TI,2025-10-24,4160.613,4196.304,4160.611,4196.304,1225949259.0
700001.TI,2025-10-27,4231.283,4249.806,4214.065,4246.022,1366743353.0
700001.TI,2025-10-28,4229.676,4263.111,4216.269,4231.122,1263814538.0
700001.TI,2025-10-29,4234.642,4279.833,4230.593,4279.833,1355310779.0
700001.TI,2025-10-30,4270.774,4280.187,4231.245,4234.767,1455675740.0
700001.TI,2025-10-31,4231.679,4256.538,4212.461,4212.475,1432108990.0
700001.TI,2025-11-03,4212.551,4228.85,4171.733,4228.85,1367103012.0
700001.TI,2025-11-04,4223.106,4228.948,4161.311,4185.712,1306352799.0
700001.TI,2025-11-05,4131.637,4213.737,4131.635,4200.082,1325365726.0
700001.TI,2025-11-06,4210.118,4252.111,4210.118,4249.901,1343779066.0
700001.TI,2025-11-07,4232.666,4259.363,4223.197,4239.265,1304833486.0
700001.TI,2025-11-10,4251.236,4259.556,4227.303,4255.586,1399077787.0
700001.TI,2025-11-11,4266.154,4269.039,4229.238,4234.219,1323677370.0
700001.TI,2025-11-12,4224.466,4240.713,4190.065,4218.273,1325673114.0
700001.TI,2025-11-13,4216.717,4274.758,4216.607,4274.355,1371366250.0
700001.TI,2025-11-14,4239.347,4268.542,4220.214,4220.214,1400767182.0
700001.TI,2025-11-17,4218.684,4225.693,4195.795,4213.37,1348896595.0
700001.TI,2025-11-18,4203.398,4211.225,4157.721,4174.439,1389070798.0
700001.TI,2025-11-19,4170.969,4186.611,4142.474,4161.667,1231433425.0
700001.TI,2025-11-20,4187.364,4190.722,4131.845,4134.326,1212670579.0
700001.TI,2025-11-21,4080.863,4099.115,4003.36,4003.36,1449309711.0
700001.TI,2025-11-24,4023.686,4046.218,3990.954,4028.117,1198854668.0
700001.TI,2025-11-25,4051.944,4102.619,4049.203,4078.117,1182681754.0
700001.TI,2025-11-26,4075.49,4112.066,4071.265,4087.968,1148372264.0
700001.TI,2025-11-27,4088.728,4126.044,4083.968,4087.816,1085050304.0
700001.TI,2025-11-28,4085.07,4119.162,4073.677,4119.162,1065131880.0
700001.TI,2025-12-01,4130.824,4158.385,4126.88,4158.326,1237445055.0
700001.TI,2025-12-02,4151.279,4151.32,4121.417,4131.418,1103992829.0
700001.TI,2025-12-03,4131.831,4141.761,4091.522,4101.33,1181511587.0
700001.TI,2025-12-04,4102.088,4117.446,4074.408,4101.875,1083555342.0
700001.TI,2025-12-05,4100.866,4151.532,4083.864,4148.595,1174188882.0
700001.TI,2025-12-08,4159.125,4205.664,4159.125,4191.637,1281651166.0
700001.TI,2025-12-09,4180.71,4196.83,4160.104,4168.185,1217573760.0
700001.TI,2025-12-10,4159.655,4179.713,4135.041,4173.142,1178306237.0
700001.TI,2025-12-11,4179.829,4181.706,4126.375,4127.755,1242217555.0
700001.TI,2025-12-12,4130.569,4166.676,4117.821,4159.71,1284842071.0
700001.TI,2025-12-15,4134.884,4169.928,4132.603,4133.328,1135931078.0
700001.TI,2025-12-16,4126.052,4127.639,4057.866,4073.594,1186113165.0
700001.TI,2025-12-17,4072.968,4145.082,4062.571,4136.072,1175157685.0
700001.TI,2025-12-18,4113.086,4148.294,4111.894,4120.628,1059879962.0
700001.TI,2025-12-19,4131.912,4164.984,4127.395,4153.635,1180067160.0
700001.TI,2025-12-22,4170.458,4201.043,4170.458,4194.216,1185814043.0
700001.TI,2025-12-23,4195.859,4214.651,4178.569,4191.6,1204937633.0
700001.TI,2025-12-24,4191.669,4232.837,4186.125,4228.912,1121834582.0
700001.TI,2025-12-25,4226.219,4260.805,4222.378,4254.341,1137246361.0
700001.TI,2025-12-26,4255.167,4286.23,4242.422,4268.616,1305049193.0
700001.TI,2025-12-29,4269.484,4281.688,4246.33,4256.62,1284777111.0
700001.TI,2025-12-30,4235.946,4278.957,4235.559,4261.718,1249624227.0
700001.TI,2025-12-31,4268.317,4270.063,4244.307,4254.734,1210049699.0
700001.TI,2026-01-05,4281.175,4339.454,4281.175,4339.454,1433862016.0
700001.TI,2026-01-06,4342.884,4408.519,4342.413,4408.519,1642657721.0
700001.TI,2026-01-07,4414.257,4433.317,4392.624,4415.36,1605899033.0
700001.TI,2026-01-08,4402.658,4431.88,4396.995,4418.729,1595662086.0
700001.TI,2026-01-09,4415.51,4472.761,4415.51,4471.011,1753924276.0
700001.TI,2026-01-12,4496.659,4553.439,4478.69,4548.18,2008051604.0
700001.TI,2026-01-13,4558.109,4558.109,4479.782,4494.381,2082595148.0
700001.TI,2026-01-14,4497.641,4581.296,4467.107,4508.203,2282263553.41
700001.TI,2026-01-15,4480.492,4518.27,4468.099,4500.568,1664122654.91
700001.TI,2026-01-16,4519.647,4535.031,4485.349,4493.682,1681841082.91
700001.TI,2026-01-19,4479.63,4526.523,4478.874,4511.822,1530337272.28
700001.TI,2026-01-20,4515.475,4526.804,4449.868,4485.535,1627630143.71
700001.TI,2026-01-21,4469.55,4527.676,4469.55,4510.899,1469900126.99
700001.TI,2026-01-22,4525.24,4538.438,4508.013,4530.444,1541544069.65
700001.TI,2026-01-23,4541.308,4577.825,4538.965,4574.402,1776860373.24
700001.TI,2026-01-26,4589.13,4598.262,4528.342,4542.781,1923304339.16
700001.TI,2026-01-27,4529.737,4566.312,4479.463,4549.057,1675068008.22
700001.TI,2026-01-28,4558.86,4571.367,4532.792,4553.91,1716010576.03
700001.TI,2026-01-29,4552.596,4568.22,4530.797,4543.037,1909976995.48
700001.TI,2026-01-30,4510.299,4531.475,4425.399,4501.107,1716520977.84
700001.TI,2026-02-02,4462.811,4489.616,4377.938,4379.077,1552422595.91
700001.TI,2026-02-03,4422.616,4472.291,4382.928,4471.592,1427845169.69
700001.TI,2026-02-04,4461.258,4494.809,4440.445,4491.602,1497395219.97
700001.TI,2026-02-05,4452.016,4469.335,4418.473,4442.194,1329059708.66
700001.TI,2026-02-06,4399.348,4474.309,4384.022,4433.837,1293364194.63
700001.TI,2026-02-09,4490.879,4517.845,4479.614,4517.382,1306192261.83
700001.TI,2026-02-10,4519.676,4529.745,4503.685,4520.067,1263084177.83
700001.TI,2026-02-11,4513.342,4531.43,4512.797,4512.998,1187072918.55
700001.TI,2026-02-12,4519.524,4540.224,4509.656,4533.328,1231078787.47
700001.TI,2026-02-13,4510.402,4532.508,4479.755,4482.331,1146397220.32
700001.TI,2026-02-24,4540.608,4549.588,4507.256,4529.723,1284057589.09
700001.TI,2026-02-25,4537.632,4588.476,4535.064,4576.908,1524982436.86
700001.TI,2026-02-26,4583.661,4591.907,4561.528,4586.314,1450894402.3
700001.TI,2026-02-27,4558.817,4606.159,4558.056,4604.798,1468731077.34
700001.TI,2026-03-02,4563.12,4601.913,4536.482,4586.042,1804974628.11
700001.TI,2026-03-03,4593.615,4598.363,4444.568,4449.646,1903097388.24
700001.TI,2026-03-04,4397.192,4467.676,4395.682,4418.859,1514932209.47
700001.TI,2026-03-05,4481.279,4492.496,4445.049,4466.864,1458131182.99
700001.TI,2026-03-06,4443.462,4505.24,4442.85,4499.197,1384227754.13
700001.TI,2026-03-09,4436.414,4473.546,4372.649,4462.218,1644361554.82
700001.TI,2026-03-10,4495.384,4533.565,4495.384,4532.705,1418472061.83
700001.TI,2026-03-11,4538.183,4557.158,4530.912,4545.245,1486455308.07
700001.TI,2026-03-12,4541.579,4549.193,4489.604,4521.651,1562312201.92
700001.TI,2026-03-13,4502.771,4533.94,4469.665,4479.46,1573056769.1
700001.TI,2026-03-16,4477.446,4481.653,4421.918,4477.646,1491452414.6
